content_id,program_uid,education_plan_uid,course_code,course_name_sv,content_order,text_exact,source_file,confidence,notes
VGSSY_MVG201_CONTENT_001,VGSSY,VGSSY,MVG201,Introduktion till omvårdnad som arbetsområde och vetenskap samt fysiologi och anatomi del I,1,mänskliga rättigheter,Kurs1_sskgrund_MVG201.pdf,high,
VGSSY_MVG201_CONTENT_002,VGSSY,VGSSY,MVG201,Introduktion till omvårdnad som arbetsområde och vetenskap samt fysiologi och anatomi del I,2,människosyn,Kurs1_sskgrund_MVG201.pdf,high,
VGSSY_MVG201_CONTENT_003,VGSSY,VGSSY,MVG201,Introduktion till omvårdnad som arbetsområde och vetenskap samt fysiologi och anatomi del I,3,värdegrund för omvårdnad,Kurs1_sskgrund_MVG201.pdf,high,
VGSSY_MVG201_CONTENT_004,VGSSY,VGSSY,MVG201,Introduktion till omvårdnad som arbetsområde och vetenskap samt fysiologi och anatomi del I,4,de fyra centrala principerna för medicinsk etik,Kurs1_sskgrund_MVG201.pdf,high,
VGSSY_MVG201_CONTENT_005,VGSSY,VGSSY,MVG201,Introduktion till omvårdnad som arbetsområde och vetenskap samt fysiologi och anatomi del I,5,"förhållningssätt, bemötande, empati och självkännedom",Kurs1_sskgrund_MVG201.pdf,high,
VGSSY_MVG201_CONTENT_006,VGSSY,VGSSY,MVG201,Introduktion till omvårdnad som arbetsområde och vetenskap samt fysiologi och anatomi del I,6,organisation av hälso- och sjukvård samt vård- och omsorg i,Kurs1_sskgrund_MVG201.pdf,high,
VGSSY_MVG201_CONTENT_007,VGSSY,VGSSY,MVG201,Introduktion till omvårdnad som arbetsområde och vetenskap samt fysiologi och anatomi del I,7,Sverige,Kurs1_sskgrund_MVG201.pdf,high,
VGSSY_MVG201_CONTENT_008,VGSSY,VGSSY,MVG201,Introduktion till omvårdnad som arbetsområde och vetenskap samt fysiologi och anatomi del I,8,MVG201,Kurs1_sskgrund_MVG201.pdf,high,
VGSSY_MVG201_CONTENT_009,VGSSY,VGSSY,MVG201,Introduktion till omvårdnad som arbetsområde och vetenskap samt fysiologi och anatomi del I,9,2/6,Kurs1_sskgrund_MVG201.pdf,high,
VGSSY_MVG201_CONTENT_010,VGSSY,VGSSY,MVG201,Introduktion till omvårdnad som arbetsområde och vetenskap samt fysiologi och anatomi del I,10,relevanta författningar,Kurs1_sskgrund_MVG201.pdf,high,
VGSSY_MVG201_CONTENT_011,VGSSY,VGSSY,MVG201,Introduktion till omvårdnad som arbetsområde och vetenskap samt fysiologi och anatomi del I,11,vad som utmärker ett vetenskapligt förhållningssätt samt en,Kurs1_sskgrund_MVG201.pdf,high,
VGSSY_MVG201_CONTENT_012,VGSSY,VGSSY,MVG201,Introduktion till omvårdnad som arbetsområde och vetenskap samt fysiologi och anatomi del I,12,vetenskaplig artikel,Kurs1_sskgrund_MVG201.pdf,high,
VGSSY_MVG201_CONTENT_013,VGSSY,VGSSY,MVG201,Introduktion till omvårdnad som arbetsområde och vetenskap samt fysiologi och anatomi del I,13,kvalitativ samt kvantitativ forskningsansats,Kurs1_sskgrund_MVG201.pdf,high,
VGSSY_MVG201_CONTENT_014,VGSSY,VGSSY,MVG201,Introduktion till omvårdnad som arbetsområde och vetenskap samt fysiologi och anatomi del I,14,"forsknings- och forskaretik, referenshantering",Kurs1_sskgrund_MVG201.pdf,high,
VGSSY_MVG201_CONTENT_015,VGSSY,VGSSY,MVG201,Introduktion till omvårdnad som arbetsområde och vetenskap samt fysiologi och anatomi del I,15,utvecklingspsykologi,Kurs1_sskgrund_MVG201.pdf,high,
VGSSY_MVG201_CONTENT_016,VGSSY,VGSSY,MVG201,Introduktion till omvårdnad som arbetsområde och vetenskap samt fysiologi och anatomi del I,16,cellbiologi,Kurs1_sskgrund_MVG201.pdf,high,
VGSSY_MVG201_CONTENT_017,VGSSY,VGSSY,MVG201,Introduktion till omvårdnad som arbetsområde och vetenskap samt fysiologi och anatomi del I,17,vävnads- och organtyper,Kurs1_sskgrund_MVG201.pdf,high,
VGSSY_MVG201_CONTENT_018,VGSSY,VGSSY,MVG201,Introduktion till omvårdnad som arbetsområde och vetenskap samt fysiologi och anatomi del I,18,nervsystemet,Kurs1_sskgrund_MVG201.pdf,high,
VGSSY_MVG201_CONTENT_019,VGSSY,VGSSY,MVG201,Introduktion till omvårdnad som arbetsområde och vetenskap samt fysiologi och anatomi del I,19,sinnena,Kurs1_sskgrund_MVG201.pdf,high,
VGSSY_MVG201_CONTENT_020,VGSSY,VGSSY,MVG201,Introduktion till omvårdnad som arbetsområde och vetenskap samt fysiologi och anatomi del I,20,rörelseapparaten,Kurs1_sskgrund_MVG201.pdf,high,
VGSSY_MVG201_CONTENT_021,VGSSY,VGSSY,MVG201,Introduktion till omvårdnad som arbetsområde och vetenskap samt fysiologi och anatomi del I,21,cirkulationssystemet,Kurs1_sskgrund_MVG201.pdf,high,
VGSSY_MVG201_CONTENT_022,VGSSY,VGSSY,MVG201,Introduktion till omvårdnad som arbetsområde och vetenskap samt fysiologi och anatomi del I,22,virus och bakteriers påverkan på människans hälsa och ohälsa,Kurs1_sskgrund_MVG201.pdf,high,
VGSSY_MVG201_CONTENT_023,VGSSY,VGSSY,MVG201,Introduktion till omvårdnad som arbetsområde och vetenskap samt fysiologi och anatomi del I,23,immunologi,Kurs1_sskgrund_MVG201.pdf,high,
VGSSY_MVG201_CONTENT_024,VGSSY,VGSSY,MVG201,Introduktion till omvårdnad som arbetsområde och vetenskap samt fysiologi och anatomi del I,24,vårdhygien: betydelse för att förhindra smittspridning och,Kurs1_sskgrund_MVG201.pdf,high,
VGSSY_MVG201_CONTENT_025,VGSSY,VGSSY,MVG201,Introduktion till omvårdnad som arbetsområde och vetenskap samt fysiologi och anatomi del I,25,uppkomst av vårdrelaterade infektioner samt basala hygienrutiner,Kurs1_sskgrund_MVG201.pdf,high,
VGSSY_MVG201_CONTENT_026,VGSSY,VGSSY,MVG201,Introduktion till omvårdnad som arbetsområde och vetenskap samt fysiologi och anatomi del I,26,och klädregler,Kurs1_sskgrund_MVG201.pdf,high,
VGSSY_MVG201_CONTENT_027,VGSSY,VGSSY,MVG201,Introduktion till omvårdnad som arbetsområde och vetenskap samt fysiologi och anatomi del I,27,läkemedels och engångsmaterials påverkan på miljö,Kurs1_sskgrund_MVG201.pdf,high,
VGSSY_MVG201_CONTENT_028,VGSSY,VGSSY,MVG201,Introduktion till omvårdnad som arbetsområde och vetenskap samt fysiologi och anatomi del I,28,farmakologi,Kurs1_sskgrund_MVG201.pdf,high,
VGSSY_MVG201_CONTENT_029,VGSSY,VGSSY,MVG201,Introduktion till omvårdnad som arbetsområde och vetenskap samt fysiologi och anatomi del I,29,evidensbegreppet,Kurs1_sskgrund_MVG201.pdf,high,
VGSSY_MVG201_CONTENT_030,VGSSY,VGSSY,MVG201,Introduktion till omvårdnad som arbetsområde och vetenskap samt fysiologi och anatomi del I,30,grundläggande omvårdnadsbehov,Kurs1_sskgrund_MVG201.pdf,high,
VGSSY_MVG201_CONTENT_031,VGSSY,VGSSY,MVG201,Introduktion till omvårdnad som arbetsområde och vetenskap samt fysiologi och anatomi del I,31,vanligt förekommande material vid såromläggning,Kurs1_sskgrund_MVG201.pdf,high,
VGSSY_MVG201_CONTENT_032,VGSSY,VGSSY,MVG201,Introduktion till omvårdnad som arbetsområde och vetenskap samt fysiologi och anatomi del I,32,vanligt förekommande hjälpmedel vid urin- och,Kurs1_sskgrund_MVG201.pdf,high,
VGSSY_MVG201_CONTENT_033,VGSSY,VGSSY,MVG201,Introduktion till omvårdnad som arbetsområde och vetenskap samt fysiologi och anatomi del I,33,avföringsinkontinens samt katetriseringsmaterial för urinblåsa,Kurs1_sskgrund_MVG201.pdf,high,
VGSSY_MVG201_CONTENT_034,VGSSY,VGSSY,MVG201,Introduktion till omvårdnad som arbetsområde och vetenskap samt fysiologi och anatomi del I,34,läkemedels beredningsformer och administreringssätt,Kurs1_sskgrund_MVG201.pdf,high,
VGSSY_MVG201_CONTENT_035,VGSSY,VGSSY,MVG201,Introduktion till omvårdnad som arbetsområde och vetenskap samt fysiologi och anatomi del I,35,evidensbaserat metod- och kunskapsstöd: Vårdhandboken,Kurs1_sskgrund_MVG201.pdf,high,
VGSSY_MVG201_CONTENT_036,VGSSY,VGSSY,MVG201,Introduktion till omvårdnad som arbetsområde och vetenskap samt fysiologi och anatomi del I,36,kommunikation utifrån begränsade fysiologiska förutsättningar,Kurs1_sskgrund_MVG201.pdf,high,
VGSSY_MVG201_CONTENT_037,VGSSY,VGSSY,MVG201,Introduktion till omvårdnad som arbetsområde och vetenskap samt fysiologi och anatomi del I,37,förflyttningsteknik,Kurs1_sskgrund_MVG201.pdf,high,
VGSSY_MVG201_CONTENT_038,VGSSY,VGSSY,MVG201,Introduktion till omvårdnad som arbetsområde och vetenskap samt fysiologi och anatomi del I,38,puls- och blodtrycksmätning,Kurs1_sskgrund_MVG201.pdf,high,
VGSSY_MVG201_CONTENT_039,VGSSY,VGSSY,MVG201,Introduktion till omvårdnad som arbetsområde och vetenskap samt fysiologi och anatomi del I,39,basal hjärt- och lungräddning (HLR) för vuxen,Kurs1_sskgrund_MVG201.pdf,high,
VGSSY_MVG201_CONTENT_040,VGSSY,VGSSY,MVG201,Introduktion till omvårdnad som arbetsområde och vetenskap samt fysiologi och anatomi del I,40,läkemedelshantering,Kurs1_sskgrund_MVG201.pdf,high,
VGSSY_MVG201_CONTENT_041,VGSSY,VGSSY,MVG201,Introduktion till omvårdnad som arbetsområde och vetenskap samt fysiologi och anatomi del I,41,läkemedelsberäkning,Kurs1_sskgrund_MVG201.pdf,high,
VGSSY_MVG201_CONTENT_042,VGSSY,VGSSY,MVG201,Introduktion till omvårdnad som arbetsområde och vetenskap samt fysiologi och anatomi del I,42,sjuksköterskeprofessionen,Kurs1_sskgrund_MVG201.pdf,high,
VGSSY_MVG201_CONTENT_043,VGSSY,VGSSY,MVG201,Introduktion till omvårdnad som arbetsområde och vetenskap samt fysiologi och anatomi del I,43,omvårdnadsämnet som arbetsområde och vetenskap,Kurs1_sskgrund_MVG201.pdf,high,
VGSSY_MVG201_CONTENT_044,VGSSY,VGSSY,MVG201,Introduktion till omvårdnad som arbetsområde och vetenskap samt fysiologi och anatomi del I,44,omvårdnadsprocessen,Kurs1_sskgrund_MVG201.pdf,high,
VGSSY_MVG201_CONTENT_045,VGSSY,VGSSY,MVG201,Introduktion till omvårdnad som arbetsområde och vetenskap samt fysiologi och anatomi del I,45,"omvårdnadens bärande begrepp: hälsa, människa, miljö och",Kurs1_sskgrund_MVG201.pdf,high,
VGSSY_MVG201_CONTENT_046,VGSSY,VGSSY,MVG201,Introduktion till omvårdnad som arbetsområde och vetenskap samt fysiologi och anatomi del I,46,omvårdnad,Kurs1_sskgrund_MVG201.pdf,high,
VGSSY_MVG201_CONTENT_047,VGSSY,VGSSY,MVG201,Introduktion till omvårdnad som arbetsområde och vetenskap samt fysiologi och anatomi del I,47,MVG201,Kurs1_sskgrund_MVG201.pdf,high,
VGSSY_MVG201_CONTENT_048,VGSSY,VGSSY,MVG201,Introduktion till omvårdnad som arbetsområde och vetenskap samt fysiologi och anatomi del I,48,3/6,Kurs1_sskgrund_MVG201.pdf,high,
VGSSY_MVG201_CONTENT_049,VGSSY,VGSSY,MVG201,Introduktion till omvårdnad som arbetsområde och vetenskap samt fysiologi och anatomi del I,49,ramverket Fundamentals of Care,Kurs1_sskgrund_MVG201.pdf,high,
VGSSY_MVG201_CONTENT_050,VGSSY,VGSSY,MVG201,Introduktion till omvårdnad som arbetsområde och vetenskap samt fysiologi och anatomi del I,50,"de sex kärnkompetenserna: personcentrerad vård, samverkan i",Kurs1_sskgrund_MVG201.pdf,high,
VGSSY_MVG201_CONTENT_051,VGSSY,VGSSY,MVG201,Introduktion till omvårdnad som arbetsområde och vetenskap samt fysiologi och anatomi del I,51,"team, evidensbaserad vård, förbättringskunskap för",Kurs1_sskgrund_MVG201.pdf,high,
VGSSY_MVG201_CONTENT_052,VGSSY,VGSSY,MVG201,Introduktion till omvårdnad som arbetsområde och vetenskap samt fysiologi och anatomi del I,52,"kvalitetsutveckling, säker vård och informatik",Kurs1_sskgrund_MVG201.pdf,high,
VGSSY_OMG401_CONTENT_001,VGSSY,VGSSY,OMG401,Omvårdnad vid vanligt förekommande sjukdomstillstånd samt fysiologi och anatomi del II,1,grundläggande omvårdnad,Kurs2_sskgrund_OMG401.pdf,high,
VGSSY_OMG401_CONTENT_002,VGSSY,VGSSY,OMG401,Omvårdnad vid vanligt förekommande sjukdomstillstånd samt fysiologi och anatomi del II,2,författningar,Kurs2_sskgrund_OMG401.pdf,high,
VGSSY_OMG401_CONTENT_003,VGSSY,VGSSY,OMG401,Omvårdnad vid vanligt förekommande sjukdomstillstånd samt fysiologi och anatomi del II,3,evidensbaserad vård,Kurs2_sskgrund_OMG401.pdf,high,
VGSSY_OMG401_CONTENT_004,VGSSY,VGSSY,OMG401,Omvårdnad vid vanligt förekommande sjukdomstillstånd samt fysiologi och anatomi del II,4,omvårdnadsprocessen,Kurs2_sskgrund_OMG401.pdf,high,
VGSSY_OMG401_CONTENT_005,VGSSY,VGSSY,OMG401,Omvårdnad vid vanligt förekommande sjukdomstillstånd samt fysiologi och anatomi del II,5,personcentrerad vård,Kurs2_sskgrund_OMG401.pdf,high,
VGSSY_OMG401_CONTENT_006,VGSSY,VGSSY,OMG401,Omvårdnad vid vanligt förekommande sjukdomstillstånd samt fysiologi och anatomi del II,6,"kommunikation, patientundervisning och pedagogiska traditioner",Kurs2_sskgrund_OMG401.pdf,high,
VGSSY_OMG401_CONTENT_007,VGSSY,VGSSY,OMG401,Omvårdnad vid vanligt förekommande sjukdomstillstånd samt fysiologi och anatomi del II,7,"klinisk färdighetsträning: kapillär och venös provtagning, subkutan",Kurs2_sskgrund_OMG401.pdf,high,
VGSSY_OMG401_CONTENT_008,VGSSY,VGSSY,OMG401,Omvårdnad vid vanligt förekommande sjukdomstillstånd samt fysiologi och anatomi del II,8,"injektionsgivning, perifer venkateter, kateter i urinblåsan, sårvård",Kurs2_sskgrund_OMG401.pdf,high,
VGSSY_OMG401_CONTENT_009,VGSSY,VGSSY,OMG401,Omvårdnad vid vanligt förekommande sjukdomstillstånd samt fysiologi och anatomi del II,9,samt syrgasbehandling,Kurs2_sskgrund_OMG401.pdf,high,
VGSSY_OMG401_CONTENT_010,VGSSY,VGSSY,OMG401,Omvårdnad vid vanligt förekommande sjukdomstillstånd samt fysiologi och anatomi del II,10,grundläggande vårdhygien och vårdhygieniska principer,Kurs2_sskgrund_OMG401.pdf,high,
VGSSY_OMG401_CONTENT_011,VGSSY,VGSSY,OMG401,Omvårdnad vid vanligt förekommande sjukdomstillstånd samt fysiologi och anatomi del II,11,sjuksköterskans profession,Kurs2_sskgrund_OMG401.pdf,high,
VGSSY_OMG401_CONTENT_012,VGSSY,VGSSY,OMG401,Omvårdnad vid vanligt förekommande sjukdomstillstånd samt fysiologi och anatomi del II,12,ledarskap i vårdnära situationer,Kurs2_sskgrund_OMG401.pdf,high,
VGSSY_OMG401_CONTENT_013,VGSSY,VGSSY,OMG401,Omvårdnad vid vanligt förekommande sjukdomstillstånd samt fysiologi och anatomi del II,13,sjuksköterskans roll i teamet/interprofessionell samverkan,Kurs2_sskgrund_OMG401.pdf,high,
VGSSY_OMG401_CONTENT_014,VGSSY,VGSSY,OMG401,Omvårdnad vid vanligt förekommande sjukdomstillstånd samt fysiologi och anatomi del II,14,etik,Kurs2_sskgrund_OMG401.pdf,high,
VGSSY_OMG401_CONTENT_015,VGSSY,VGSSY,OMG401,Omvårdnad vid vanligt förekommande sjukdomstillstånd samt fysiologi och anatomi del II,15,läkemedelsberäkning och hantering,Kurs2_sskgrund_OMG401.pdf,high,
VGSSY_OMG401_CONTENT_016,VGSSY,VGSSY,OMG401,Omvårdnad vid vanligt förekommande sjukdomstillstånd samt fysiologi och anatomi del II,16,"magtarmsystemet, njurar och urinvägar, respiration, endokrinologi",Kurs2_sskgrund_OMG401.pdf,high,
VGSSY_OMG401_CONTENT_017,VGSSY,VGSSY,OMG401,Omvårdnad vid vanligt förekommande sjukdomstillstånd samt fysiologi och anatomi del II,17,samt reproduktion,Kurs2_sskgrund_OMG401.pdf,high,
VGSSY_OMG401_CONTENT_018,VGSSY,VGSSY,OMG401,Omvårdnad vid vanligt förekommande sjukdomstillstånd samt fysiologi och anatomi del II,18,"fysiologiska processer kopplat till levnadsvanor, hälsa och ohälsa",Kurs2_sskgrund_OMG401.pdf,high,
VGSSY_OMG401_CONTENT_019,VGSSY,VGSSY,OMG401,Omvårdnad vid vanligt förekommande sjukdomstillstånd samt fysiologi och anatomi del II,19,vetenskapliga begrepp,Kurs2_sskgrund_OMG401.pdf,high,
VGSSY_OMG401_CONTENT_020,VGSSY,VGSSY,OMG401,Omvårdnad vid vanligt förekommande sjukdomstillstånd samt fysiologi och anatomi del II,20,"teorier, modeller och referensramar",Kurs2_sskgrund_OMG401.pdf,high,
VGSSY_OMG401_CONTENT_021,VGSSY,VGSSY,OMG401,Omvårdnad vid vanligt förekommande sjukdomstillstånd samt fysiologi och anatomi del II,21,omvårdnadsteorier och omvårdnadsmodeller,Kurs2_sskgrund_OMG401.pdf,high,
VGSSY_OMG401_CONTENT_022,VGSSY,VGSSY,OMG401,Omvårdnad vid vanligt förekommande sjukdomstillstånd samt fysiologi och anatomi del II,22,grundläggande statistik,Kurs2_sskgrund_OMG401.pdf,high,
VGSSY_OMG401_CONTENT_023,VGSSY,VGSSY,OMG401,Omvårdnad vid vanligt förekommande sjukdomstillstånd samt fysiologi och anatomi del II,23,OMG401,Kurs2_sskgrund_OMG401.pdf,high,
VGSSY_OMG401_CONTENT_024,VGSSY,VGSSY,OMG401,Omvårdnad vid vanligt förekommande sjukdomstillstånd samt fysiologi och anatomi del II,24,3/6,Kurs2_sskgrund_OMG401.pdf,high,
VGSSY_OMG402_CONTENT_001,VGSSY,VGSSY,OMG402,"Specifik omvårdnad vid folksjukdomar, pediatrik, sexuell- och reproduktiv hälsa",1,global hälsoutveckling,p_21_3REV kp Specifik omvaÂ°rdnad vid folksjukdomar pediatrik sexuell- och reproduktiv haÂ¨lsa _ 30 hp _ OMG402 _ KomplettKurs grundnivaÂ°.docx,high,
VGSSY_OMG402_CONTENT_002,VGSSY,VGSSY,OMG402,"Specifik omvårdnad vid folksjukdomar, pediatrik, sexuell- och reproduktiv hälsa",2,prevention av folksjukdomar,p_21_3REV kp Specifik omvaÂ°rdnad vid folksjukdomar pediatrik sexuell- och reproduktiv haÂ¨lsa _ 30 hp _ OMG402 _ KomplettKurs grundnivaÂ°.docx,high,
VGSSY_OMG402_CONTENT_003,VGSSY,VGSSY,OMG402,"Specifik omvårdnad vid folksjukdomar, pediatrik, sexuell- och reproduktiv hälsa",3,primärvårdens organisation och ansvar,p_21_3REV kp Specifik omvaÂ°rdnad vid folksjukdomar pediatrik sexuell- och reproduktiv haÂ¨lsa _ 30 hp _ OMG402 _ KomplettKurs grundnivaÂ°.docx,high,
VGSSY_OMG402_CONTENT_004,VGSSY,VGSSY,OMG402,"Specifik omvårdnad vid folksjukdomar, pediatrik, sexuell- och reproduktiv hälsa",4,"copingstrategier (tillämpning), livsstilsförändringar, livskvalitet, egenvård, känsla av sammanhang (KASAM), salutogent perspektiv samt empowerment vid långvariga ohälsa",p_21_3REV kp Specifik omvaÂ°rdnad vid folksjukdomar pediatrik sexuell- och reproduktiv haÂ¨lsa _ 30 hp _ OMG402 _ KomplettKurs grundnivaÂ°.docx,high,
VGSSY_OMG402_CONTENT_005,VGSSY,VGSSY,OMG402,"Specifik omvårdnad vid folksjukdomar, pediatrik, sexuell- och reproduktiv hälsa",5,"nutrition, kost, elimination, munhälsa samt fysisk aktivitet",p_21_3REV kp Specifik omvaÂ°rdnad vid folksjukdomar pediatrik sexuell- och reproduktiv haÂ¨lsa _ 30 hp _ OMG402 _ KomplettKurs grundnivaÂ°.docx,high,
VGSSY_OMG402_CONTENT_006,VGSSY,VGSSY,OMG402,"Specifik omvårdnad vid folksjukdomar, pediatrik, sexuell- och reproduktiv hälsa",6,"alkohol, tobak, fetma samt våld",p_21_3REV kp Specifik omvaÂ°rdnad vid folksjukdomar pediatrik sexuell- och reproduktiv haÂ¨lsa _ 30 hp _ OMG402 _ KomplettKurs grundnivaÂ°.docx,high,
VGSSY_OMG402_CONTENT_007,VGSSY,VGSSY,OMG402,"Specifik omvårdnad vid folksjukdomar, pediatrik, sexuell- och reproduktiv hälsa",7,"hälsa och ohälsa utifrån etnicitet, ålder, klass, genus och likabehandling",p_21_3REV kp Specifik omvaÂ°rdnad vid folksjukdomar pediatrik sexuell- och reproduktiv haÂ¨lsa _ 30 hp _ OMG402 _ KomplettKurs grundnivaÂ°.docx,high,
VGSSY_OMG402_CONTENT_008,VGSSY,VGSSY,OMG402,"Specifik omvårdnad vid folksjukdomar, pediatrik, sexuell- och reproduktiv hälsa",8,"hjärt- och kärlsjukdomar, andningsorganens sjukdomar, cerebrovaskulära sjukdomar, endokrina sjukdomar, cancersjukdomar samt psykisk ohälsa och psykiska sjukdomar",p_21_3REV kp Specifik omvaÂ°rdnad vid folksjukdomar pediatrik sexuell- och reproduktiv haÂ¨lsa _ 30 hp _ OMG402 _ KomplettKurs grundnivaÂ°.docx,high,
VGSSY_OMG402_CONTENT_009,VGSSY,VGSSY,OMG402,"Specifik omvårdnad vid folksjukdomar, pediatrik, sexuell- och reproduktiv hälsa",9,klinisk kemi,p_21_3REV kp Specifik omvaÂ°rdnad vid folksjukdomar pediatrik sexuell- och reproduktiv haÂ¨lsa _ 30 hp _ OMG402 _ KomplettKurs grundnivaÂ°.docx,high,
VGSSY_OMG402_CONTENT_010,VGSSY,VGSSY,OMG402,"Specifik omvårdnad vid folksjukdomar, pediatrik, sexuell- och reproduktiv hälsa",10,"smärtanalys, smärta som ett flerdimensionellt begrepp samt vård och behandling vid smärta",p_21_3REV kp Specifik omvaÂ°rdnad vid folksjukdomar pediatrik sexuell- och reproduktiv haÂ¨lsa _ 30 hp _ OMG402 _ KomplettKurs grundnivaÂ°.docx,high,
VGSSY_OMG402_CONTENT_011,VGSSY,VGSSY,OMG402,"Specifik omvårdnad vid folksjukdomar, pediatrik, sexuell- och reproduktiv hälsa",11,"intramuskulär injektion, sondinläggning, kompressinslindning, skötsel av centrala infarter samt perkutan endoskopisk gastrostomi (PEG)",p_21_3REV kp Specifik omvaÂ°rdnad vid folksjukdomar pediatrik sexuell- och reproduktiv haÂ¨lsa _ 30 hp _ OMG402 _ KomplettKurs grundnivaÂ°.docx,high,
VGSSY_OMG402_CONTENT_012,VGSSY,VGSSY,OMG402,"Specifik omvårdnad vid folksjukdomar, pediatrik, sexuell- och reproduktiv hälsa",12,författningar relaterade till klinisk färdighetsträning samt digitala tjänster,p_21_3REV kp Specifik omvaÂ°rdnad vid folksjukdomar pediatrik sexuell- och reproduktiv haÂ¨lsa _ 30 hp _ OMG402 _ KomplettKurs grundnivaÂ°.docx,high,
VGSSY_OMG402_CONTENT_013,VGSSY,VGSSY,OMG402,"Specifik omvårdnad vid folksjukdomar, pediatrik, sexuell- och reproduktiv hälsa",13,"informatik, e-Hälsa, nationellt fackspråk, vård och omvårdnad på distans samt intelligenta miljöer",p_21_3REV kp Specifik omvaÂ°rdnad vid folksjukdomar pediatrik sexuell- och reproduktiv haÂ¨lsa _ 30 hp _ OMG402 _ KomplettKurs grundnivaÂ°.docx,high,
VGSSY_OMG402_CONTENT_014,VGSSY,VGSSY,OMG402,"Specifik omvårdnad vid folksjukdomar, pediatrik, sexuell- och reproduktiv hälsa",14,"centrala begrepp inom säker vård, författningar samt roller och ansvar",p_21_3REV kp Specifik omvaÂ°rdnad vid folksjukdomar pediatrik sexuell- och reproduktiv haÂ¨lsa _ 30 hp _ OMG402 _ KomplettKurs grundnivaÂ°.docx,high,
VGSSY_OMG402_CONTENT_015,VGSSY,VGSSY,OMG402,"Specifik omvårdnad vid folksjukdomar, pediatrik, sexuell- och reproduktiv hälsa",15,genusmedicin,p_21_3REV kp Specifik omvaÂ°rdnad vid folksjukdomar pediatrik sexuell- och reproduktiv haÂ¨lsa _ 30 hp _ OMG402 _ KomplettKurs grundnivaÂ°.docx,high,
VGSSY_OMG402_CONTENT_016,VGSSY,VGSSY,OMG402,"Specifik omvårdnad vid folksjukdomar, pediatrik, sexuell- och reproduktiv hälsa",16,mäns våld mot kvinnor och våld i nära relation samt våldets konsekvenser,p_21_3REV kp Specifik omvaÂ°rdnad vid folksjukdomar pediatrik sexuell- och reproduktiv haÂ¨lsa _ 30 hp _ OMG402 _ KomplettKurs grundnivaÂ°.docx,high,
VGSSY_OMG402_CONTENT_017,VGSSY,VGSSY,OMG402,"Specifik omvårdnad vid folksjukdomar, pediatrik, sexuell- och reproduktiv hälsa",17,professionsetik,p_21_3REV kp Specifik omvaÂ°rdnad vid folksjukdomar pediatrik sexuell- och reproduktiv haÂ¨lsa _ 30 hp _ OMG402 _ KomplettKurs grundnivaÂ°.docx,high,
VGSSY_OMG402_CONTENT_018,VGSSY,VGSSY,OMG402,"Specifik omvårdnad vid folksjukdomar, pediatrik, sexuell- och reproduktiv hälsa",18,barns och ungdomars biologiska utveckling,p_21_3REV kp Specifik omvaÂ°rdnad vid folksjukdomar pediatrik sexuell- och reproduktiv haÂ¨lsa _ 30 hp _ OMG402 _ KomplettKurs grundnivaÂ°.docx,high,
VGSSY_OMG402_CONTENT_019,VGSSY,VGSSY,OMG402,"Specifik omvårdnad vid folksjukdomar, pediatrik, sexuell- och reproduktiv hälsa",19,barns och ungdomars psykologiska utveckling,p_21_3REV kp Specifik omvaÂ°rdnad vid folksjukdomar pediatrik sexuell- och reproduktiv haÂ¨lsa _ 30 hp _ OMG402 _ KomplettKurs grundnivaÂ°.docx,high,
VGSSY_OMG402_CONTENT_020,VGSSY,VGSSY,OMG402,"Specifik omvårdnad vid folksjukdomar, pediatrik, sexuell- och reproduktiv hälsa",20,pediatriska tillstånd,p_21_3REV kp Specifik omvaÂ°rdnad vid folksjukdomar pediatrik sexuell- och reproduktiv haÂ¨lsa _ 30 hp _ OMG402 _ KomplettKurs grundnivaÂ°.docx,high,
VGSSY_OMG402_CONTENT_021,VGSSY,VGSSY,OMG402,"Specifik omvårdnad vid folksjukdomar, pediatrik, sexuell- och reproduktiv hälsa",21,pediatrisk omvårdnad,p_21_3REV kp Specifik omvaÂ°rdnad vid folksjukdomar pediatrik sexuell- och reproduktiv haÂ¨lsa _ 30 hp _ OMG402 _ KomplettKurs grundnivaÂ°.docx,high,
VGSSY_OMG402_CONTENT_022,VGSSY,VGSSY,OMG402,"Specifik omvårdnad vid folksjukdomar, pediatrik, sexuell- och reproduktiv hälsa",22,kvinnans och mannens livscykler,p_21_3REV kp Specifik omvaÂ°rdnad vid folksjukdomar pediatrik sexuell- och reproduktiv haÂ¨lsa _ 30 hp _ OMG402 _ KomplettKurs grundnivaÂ°.docx,high,
VGSSY_OMG402_CONTENT_023,VGSSY,VGSSY,OMG402,"Specifik omvårdnad vid folksjukdomar, pediatrik, sexuell- och reproduktiv hälsa",23,gynekologiska och andrologiska tillstånd,p_21_3REV kp Specifik omvaÂ°rdnad vid folksjukdomar pediatrik sexuell- och reproduktiv haÂ¨lsa _ 30 hp _ OMG402 _ KomplettKurs grundnivaÂ°.docx,high,
VGSSY_OMG402_CONTENT_024,VGSSY,VGSSY,OMG402,"Specifik omvårdnad vid folksjukdomar, pediatrik, sexuell- och reproduktiv hälsa",24,obstetriska tillstånd,p_21_3REV kp Specifik omvaÂ°rdnad vid folksjukdomar pediatrik sexuell- och reproduktiv haÂ¨lsa _ 30 hp _ OMG402 _ KomplettKurs grundnivaÂ°.docx,high,
VGSSY_OMG402_CONTENT_025,VGSSY,VGSSY,OMG402,"Specifik omvårdnad vid folksjukdomar, pediatrik, sexuell- och reproduktiv hälsa",25,läkemedelsinteraktioner och biverkningar,p_21_3REV kp Specifik omvaÂ°rdnad vid folksjukdomar pediatrik sexuell- och reproduktiv haÂ¨lsa _ 30 hp _ OMG402 _ KomplettKurs grundnivaÂ°.docx,high,
VGSSY_OMG402_CONTENT_026,VGSSY,VGSSY,OMG402,"Specifik omvårdnad vid folksjukdomar, pediatrik, sexuell- och reproduktiv hälsa",26,"läkemedelsbehandling av barn, gravida och ammande",p_21_3REV kp Specifik omvaÂ°rdnad vid folksjukdomar pediatrik sexuell- och reproduktiv haÂ¨lsa _ 30 hp _ OMG402 _ KomplettKurs grundnivaÂ°.docx,high,
VGSSY_OMG402_CONTENT_027,VGSSY,VGSSY,OMG402,"Specifik omvårdnad vid folksjukdomar, pediatrik, sexuell- och reproduktiv hälsa",27,"omvårdnadsproblem, omvårdnadsåtgärder samt medicinsk behandling inom primärvård",p_21_3REV kp Specifik omvaÂ°rdnad vid folksjukdomar pediatrik sexuell- och reproduktiv haÂ¨lsa _ 30 hp _ OMG402 _ KomplettKurs grundnivaÂ°.docx,high,
VGSSY_OMG402_CONTENT_028,VGSSY,VGSSY,OMG402,"Specifik omvårdnad vid folksjukdomar, pediatrik, sexuell- och reproduktiv hälsa",28,"egenvård, hälsofrämjande och förebyggande omvårdnadsåtgärder inom primärvård",p_21_3REV kp Specifik omvaÂ°rdnad vid folksjukdomar pediatrik sexuell- och reproduktiv haÂ¨lsa _ 30 hp _ OMG402 _ KomplettKurs grundnivaÂ°.docx,high,
VGSSY_OMG402_CONTENT_029,VGSSY,VGSSY,OMG402,"Specifik omvårdnad vid folksjukdomar, pediatrik, sexuell- och reproduktiv hälsa",29,telefonrådgivning och mottagningsarbete,p_21_3REV kp Specifik omvaÂ°rdnad vid folksjukdomar pediatrik sexuell- och reproduktiv haÂ¨lsa _ 30 hp _ OMG402 _ KomplettKurs grundnivaÂ°.docx,high,
VGSSY_OMG402_CONTENT_030,VGSSY,VGSSY,OMG402,"Specifik omvårdnad vid folksjukdomar, pediatrik, sexuell- och reproduktiv hälsa",30,ledning och teamarbete inom primärvård,p_21_3REV kp Specifik omvaÂ°rdnad vid folksjukdomar pediatrik sexuell- och reproduktiv haÂ¨lsa _ 30 hp _ OMG402 _ KomplettKurs grundnivaÂ°.docx,high,
VGSSY_OMG402_CONTENT_031,VGSSY,VGSSY,OMG402,"Specifik omvårdnad vid folksjukdomar, pediatrik, sexuell- och reproduktiv hälsa",31,författningar av särskild relevans för primärvård,p_21_3REV kp Specifik omvaÂ°rdnad vid folksjukdomar pediatrik sexuell- och reproduktiv haÂ¨lsa _ 30 hp _ OMG402 _ KomplettKurs grundnivaÂ°.docx,high,
VGSSY_OMG402_CONTENT_032,VGSSY,VGSSY,OMG402,"Specifik omvårdnad vid folksjukdomar, pediatrik, sexuell- och reproduktiv hälsa",32,modell för etiska ställningstaganden,p_21_3REV kp Specifik omvaÂ°rdnad vid folksjukdomar pediatrik sexuell- och reproduktiv haÂ¨lsa _ 30 hp _ OMG402 _ KomplettKurs grundnivaÂ°.docx,high,
VGSSY_OMG403_CONTENT_001,VGSSY,VGSSY,OMG403,"Specifik omvårdnad vid psykisk ohälsa, akuta situationer, av kvinnor och barn samt sjukdomar inom medicin, kirurgi, infektion och geriatrik",1,hot och våld i vårdsituation,Kurs4_sskgrund_OMG403.pdf,high,
VGSSY_OMG403_CONTENT_002,VGSSY,VGSSY,OMG403,"Specifik omvårdnad vid psykisk ohälsa, akuta situationer, av kvinnor och barn samt sjukdomar inom medicin, kirurgi, infektion och geriatrik",2,matspjälkningsorganens sjukdomar,Kurs4_sskgrund_OMG403.pdf,high,
VGSSY_OMG403_CONTENT_003,VGSSY,VGSSY,OMG403,"Specifik omvårdnad vid psykisk ohälsa, akuta situationer, av kvinnor och barn samt sjukdomar inom medicin, kirurgi, infektion och geriatrik",3,njur- och urinorganens sjukdomar,Kurs4_sskgrund_OMG403.pdf,high,
VGSSY_OMG403_CONTENT_004,VGSSY,VGSSY,OMG403,"Specifik omvårdnad vid psykisk ohälsa, akuta situationer, av kvinnor och barn samt sjukdomar inom medicin, kirurgi, infektion och geriatrik",4,rörelseorganens sjukdomar,Kurs4_sskgrund_OMG403.pdf,high,
VGSSY_OMG403_CONTENT_005,VGSSY,VGSSY,OMG403,"Specifik omvårdnad vid psykisk ohälsa, akuta situationer, av kvinnor och barn samt sjukdomar inom medicin, kirurgi, infektion och geriatrik",5,infektionssjukdomar,Kurs4_sskgrund_OMG403.pdf,high,
VGSSY_OMG403_CONTENT_006,VGSSY,VGSSY,OMG403,"Specifik omvårdnad vid psykisk ohälsa, akuta situationer, av kvinnor och barn samt sjukdomar inom medicin, kirurgi, infektion och geriatrik",6,blodsjukdomar,Kurs4_sskgrund_OMG403.pdf,high,
VGSSY_OMG403_CONTENT_007,VGSSY,VGSSY,OMG403,"Specifik omvårdnad vid psykisk ohälsa, akuta situationer, av kvinnor och barn samt sjukdomar inom medicin, kirurgi, infektion och geriatrik",7,neurologiska sjukdomar,Kurs4_sskgrund_OMG403.pdf,high,
VGSSY_OMG403_CONTENT_008,VGSSY,VGSSY,OMG403,"Specifik omvårdnad vid psykisk ohälsa, akuta situationer, av kvinnor och barn samt sjukdomar inom medicin, kirurgi, infektion och geriatrik",8,OMG403,Kurs4_sskgrund_OMG403.pdf,high,
VGSSY_OMG403_CONTENT_009,VGSSY,VGSSY,OMG403,"Specifik omvårdnad vid psykisk ohälsa, akuta situationer, av kvinnor och barn samt sjukdomar inom medicin, kirurgi, infektion och geriatrik",9,3/7,Kurs4_sskgrund_OMG403.pdf,high,
VGSSY_OMG403_CONTENT_010,VGSSY,VGSSY,OMG403,"Specifik omvårdnad vid psykisk ohälsa, akuta situationer, av kvinnor och barn samt sjukdomar inom medicin, kirurgi, infektion och geriatrik",10,klinisk status,Kurs4_sskgrund_OMG403.pdf,high,
VGSSY_OMG403_CONTENT_011,VGSSY,VGSSY,OMG403,"Specifik omvårdnad vid psykisk ohälsa, akuta situationer, av kvinnor och barn samt sjukdomar inom medicin, kirurgi, infektion och geriatrik",11,fördjupad vårdhygien,Kurs4_sskgrund_OMG403.pdf,high,
VGSSY_OMG403_CONTENT_012,VGSSY,VGSSY,OMG403,"Specifik omvårdnad vid psykisk ohälsa, akuta situationer, av kvinnor och barn samt sjukdomar inom medicin, kirurgi, infektion och geriatrik",12,"åldrandeprocessen, det naturliga fysiologiska åldrandet",Kurs4_sskgrund_OMG403.pdf,high,
VGSSY_OMG403_CONTENT_013,VGSSY,VGSSY,OMG403,"Specifik omvårdnad vid psykisk ohälsa, akuta situationer, av kvinnor och barn samt sjukdomar inom medicin, kirurgi, infektion och geriatrik",13,"omvårdnadsproblem, omvårdnadsåtgärder och medicinsk",Kurs4_sskgrund_OMG403.pdf,high,
VGSSY_OMG403_CONTENT_014,VGSSY,VGSSY,OMG403,"Specifik omvårdnad vid psykisk ohälsa, akuta situationer, av kvinnor och barn samt sjukdomar inom medicin, kirurgi, infektion och geriatrik",14,behandling vid vanligt förekommande sjukdomar och,Kurs4_sskgrund_OMG403.pdf,high,
VGSSY_OMG403_CONTENT_015,VGSSY,VGSSY,OMG403,"Specifik omvårdnad vid psykisk ohälsa, akuta situationer, av kvinnor och barn samt sjukdomar inom medicin, kirurgi, infektion och geriatrik",15,sjukdomstillstånd hos äldre,Kurs4_sskgrund_OMG403.pdf,high,
VGSSY_OMG403_CONTENT_016,VGSSY,VGSSY,OMG403,"Specifik omvårdnad vid psykisk ohälsa, akuta situationer, av kvinnor och barn samt sjukdomar inom medicin, kirurgi, infektion och geriatrik",16,cirkulation med fokus på venösa och arteriella bensår,Kurs4_sskgrund_OMG403.pdf,high,
VGSSY_OMG403_CONTENT_017,VGSSY,VGSSY,OMG403,"Specifik omvårdnad vid psykisk ohälsa, akuta situationer, av kvinnor och barn samt sjukdomar inom medicin, kirurgi, infektion och geriatrik",17,"yrsel, falltendens och fraktur hos äldre personer",Kurs4_sskgrund_OMG403.pdf,high,
VGSSY_OMG403_CONTENT_018,VGSSY,VGSSY,OMG403,"Specifik omvårdnad vid psykisk ohälsa, akuta situationer, av kvinnor och barn samt sjukdomar inom medicin, kirurgi, infektion och geriatrik",18,vanligt förkommande demenssjukdomar hos äldre,Kurs4_sskgrund_OMG403.pdf,high,
VGSSY_OMG403_CONTENT_019,VGSSY,VGSSY,OMG403,"Specifik omvårdnad vid psykisk ohälsa, akuta situationer, av kvinnor och barn samt sjukdomar inom medicin, kirurgi, infektion och geriatrik",19,osteoporos,Kurs4_sskgrund_OMG403.pdf,high,
VGSSY_OMG403_CONTENT_020,VGSSY,VGSSY,OMG403,"Specifik omvårdnad vid psykisk ohälsa, akuta situationer, av kvinnor och barn samt sjukdomar inom medicin, kirurgi, infektion och geriatrik",20,näring och magproblem,Kurs4_sskgrund_OMG403.pdf,high,
VGSSY_OMG403_CONTENT_021,VGSSY,VGSSY,OMG403,"Specifik omvårdnad vid psykisk ohälsa, akuta situationer, av kvinnor och barn samt sjukdomar inom medicin, kirurgi, infektion och geriatrik",21,"psykisk ohälsa hos äldre: depression, ångestsjukdomar och",Kurs4_sskgrund_OMG403.pdf,high,
VGSSY_OMG403_CONTENT_022,VGSSY,VGSSY,OMG403,"Specifik omvårdnad vid psykisk ohälsa, akuta situationer, av kvinnor och barn samt sjukdomar inom medicin, kirurgi, infektion och geriatrik",22,självmord,Kurs4_sskgrund_OMG403.pdf,high,
VGSSY_OMG403_CONTENT_023,VGSSY,VGSSY,OMG403,"Specifik omvårdnad vid psykisk ohälsa, akuta situationer, av kvinnor och barn samt sjukdomar inom medicin, kirurgi, infektion och geriatrik",23,"läkemedelsbehandling av äldre avseende farmakokinetik,",Kurs4_sskgrund_OMG403.pdf,high,
VGSSY_OMG403_CONTENT_024,VGSSY,VGSSY,OMG403,"Specifik omvårdnad vid psykisk ohälsa, akuta situationer, av kvinnor och barn samt sjukdomar inom medicin, kirurgi, infektion och geriatrik",24,"farmakodynamik, biverkningar, interaktioner och olämpliga",Kurs4_sskgrund_OMG403.pdf,high,
VGSSY_OMG403_CONTENT_025,VGSSY,VGSSY,OMG403,"Specifik omvårdnad vid psykisk ohälsa, akuta situationer, av kvinnor och barn samt sjukdomar inom medicin, kirurgi, infektion och geriatrik",25,läkemedel,Kurs4_sskgrund_OMG403.pdf,high,
VGSSY_OMG403_CONTENT_026,VGSSY,VGSSY,OMG403,"Specifik omvårdnad vid psykisk ohälsa, akuta situationer, av kvinnor och barn samt sjukdomar inom medicin, kirurgi, infektion och geriatrik",26,identifiera tecken på våld i nära relationer hos äldre,Kurs4_sskgrund_OMG403.pdf,high,
VGSSY_OMG403_CONTENT_027,VGSSY,VGSSY,OMG403,"Specifik omvårdnad vid psykisk ohälsa, akuta situationer, av kvinnor och barn samt sjukdomar inom medicin, kirurgi, infektion och geriatrik",27,katastrofmedicin,Kurs4_sskgrund_OMG403.pdf,high,
VGSSY_OMG403_CONTENT_028,VGSSY,VGSSY,OMG403,"Specifik omvårdnad vid psykisk ohälsa, akuta situationer, av kvinnor och barn samt sjukdomar inom medicin, kirurgi, infektion och geriatrik",28,"avancerad hemsjukvård, lagar och författningar",Kurs4_sskgrund_OMG403.pdf,high,
VGSSY_OMG403_CONTENT_029,VGSSY,VGSSY,OMG403,"Specifik omvårdnad vid psykisk ohälsa, akuta situationer, av kvinnor och barn samt sjukdomar inom medicin, kirurgi, infektion och geriatrik",29,"klinisk färdighetsträning: blodtransfusion, blododling, sugning av",Kurs4_sskgrund_OMG403.pdf,high,
VGSSY_OMG403_CONTENT_030,VGSSY,VGSSY,OMG403,"Specifik omvårdnad vid psykisk ohälsa, akuta situationer, av kvinnor och barn samt sjukdomar inom medicin, kirurgi, infektion och geriatrik",30,"luftvägar, munvård samt omhändertagande vid dödsfall",Kurs4_sskgrund_OMG403.pdf,high,
VGSSY_OMG403_CONTENT_031,VGSSY,VGSSY,OMG403,"Specifik omvårdnad vid psykisk ohälsa, akuta situationer, av kvinnor och barn samt sjukdomar inom medicin, kirurgi, infektion och geriatrik",31,vårdhygieniska principer,Kurs4_sskgrund_OMG403.pdf,high,
VGSSY_OMG403_CONTENT_032,VGSSY,VGSSY,OMG403,"Specifik omvårdnad vid psykisk ohälsa, akuta situationer, av kvinnor och barn samt sjukdomar inom medicin, kirurgi, infektion och geriatrik",32,omvårdnadsprocessen och medicinsk behandling inom psykiatri,Kurs4_sskgrund_OMG403.pdf,high,
VGSSY_OMG403_CONTENT_033,VGSSY,VGSSY,OMG403,"Specifik omvårdnad vid psykisk ohälsa, akuta situationer, av kvinnor och barn samt sjukdomar inom medicin, kirurgi, infektion och geriatrik",33,bemötande av patienter och närstående inom psykiatrisk,Kurs4_sskgrund_OMG403.pdf,high,
VGSSY_OMG403_CONTENT_034,VGSSY,VGSSY,OMG403,"Specifik omvårdnad vid psykisk ohälsa, akuta situationer, av kvinnor och barn samt sjukdomar inom medicin, kirurgi, infektion och geriatrik",34,verksamhet,Kurs4_sskgrund_OMG403.pdf,high,
VGSSY_OMG403_CONTENT_035,VGSSY,VGSSY,OMG403,"Specifik omvårdnad vid psykisk ohälsa, akuta situationer, av kvinnor och barn samt sjukdomar inom medicin, kirurgi, infektion och geriatrik",35,samverkan med närstående inom psykiatrisk verksamhet,Kurs4_sskgrund_OMG403.pdf,high,
VGSSY_OMG403_CONTENT_036,VGSSY,VGSSY,OMG403,"Specifik omvårdnad vid psykisk ohälsa, akuta situationer, av kvinnor och barn samt sjukdomar inom medicin, kirurgi, infektion och geriatrik",36,ledning och teamarbete inom psykiatrisk verksamhet,Kurs4_sskgrund_OMG403.pdf,high,
VGSSY_OMG403_CONTENT_037,VGSSY,VGSSY,OMG403,"Specifik omvårdnad vid psykisk ohälsa, akuta situationer, av kvinnor och barn samt sjukdomar inom medicin, kirurgi, infektion och geriatrik",37,läkemedelsberäkning kopplat till respektive sjukdom inom,Kurs4_sskgrund_OMG403.pdf,high,
VGSSY_OMG403_CONTENT_038,VGSSY,VGSSY,OMG403,"Specifik omvårdnad vid psykisk ohälsa, akuta situationer, av kvinnor och barn samt sjukdomar inom medicin, kirurgi, infektion och geriatrik",38,"medicin, kirurgi och infektion",Kurs4_sskgrund_OMG403.pdf,high,
VGSSY_OMG403_CONTENT_039,VGSSY,VGSSY,OMG403,"Specifik omvårdnad vid psykisk ohälsa, akuta situationer, av kvinnor och barn samt sjukdomar inom medicin, kirurgi, infektion och geriatrik",39,"omvårdnad och behandling av barn och vuxna vid akuta tillstånd,",Kurs4_sskgrund_OMG403.pdf,high,
VGSSY_OMG403_CONTENT_040,VGSSY,VGSSY,OMG403,"Specifik omvårdnad vid psykisk ohälsa, akuta situationer, av kvinnor och barn samt sjukdomar inom medicin, kirurgi, infektion och geriatrik",40,sjukdomar och trauma inom akutsjukvård,Kurs4_sskgrund_OMG403.pdf,high,
VGSSY_OMG403_CONTENT_041,VGSSY,VGSSY,OMG403,"Specifik omvårdnad vid psykisk ohälsa, akuta situationer, av kvinnor och barn samt sjukdomar inom medicin, kirurgi, infektion och geriatrik",41,basal hjärt- och lungräddning (HLR) för barn,Kurs4_sskgrund_OMG403.pdf,high,
VGSSY_OMG403_CONTENT_042,VGSSY,VGSSY,OMG403,"Specifik omvårdnad vid psykisk ohälsa, akuta situationer, av kvinnor och barn samt sjukdomar inom medicin, kirurgi, infektion och geriatrik",42,akut omhändertagande enligt ABCDE-principen,Kurs4_sskgrund_OMG403.pdf,high,
VGSSY_OMG403_CONTENT_043,VGSSY,VGSSY,OMG403,"Specifik omvårdnad vid psykisk ohälsa, akuta situationer, av kvinnor och barn samt sjukdomar inom medicin, kirurgi, infektion och geriatrik",43,prehospital omvårdnad: triage och akuta bedömningar,Kurs4_sskgrund_OMG403.pdf,high,
VGSSY_OMG403_CONTENT_044,VGSSY,VGSSY,OMG403,"Specifik omvårdnad vid psykisk ohälsa, akuta situationer, av kvinnor och barn samt sjukdomar inom medicin, kirurgi, infektion och geriatrik",44,pre- och postoperativ omvårdnad,Kurs4_sskgrund_OMG403.pdf,high,
VGSSY_OMG403_CONTENT_045,VGSSY,VGSSY,OMG403,"Specifik omvårdnad vid psykisk ohälsa, akuta situationer, av kvinnor och barn samt sjukdomar inom medicin, kirurgi, infektion och geriatrik",45,behandling vid akuta smärttillstånd,Kurs4_sskgrund_OMG403.pdf,high,
VGSSY_OMG403_CONTENT_046,VGSSY,VGSSY,OMG403,"Specifik omvårdnad vid psykisk ohälsa, akuta situationer, av kvinnor och barn samt sjukdomar inom medicin, kirurgi, infektion och geriatrik",46,krisreaktioner och stödinsatser,Kurs4_sskgrund_OMG403.pdf,high,
VGSSY_OMG403_CONTENT_047,VGSSY,VGSSY,OMG403,"Specifik omvårdnad vid psykisk ohälsa, akuta situationer, av kvinnor och barn samt sjukdomar inom medicin, kirurgi, infektion och geriatrik",47,författningar av särskild relevans för psykiatrisk verksamhet,Kurs4_sskgrund_OMG403.pdf,high,
VGSSY_OMG403_CONTENT_048,VGSSY,VGSSY,OMG403,"Specifik omvårdnad vid psykisk ohälsa, akuta situationer, av kvinnor och barn samt sjukdomar inom medicin, kirurgi, infektion och geriatrik",48,modell för etiska ställningstaganden,Kurs4_sskgrund_OMG403.pdf,high,
VGSSY_OMG403_CONTENT_049,VGSSY,VGSSY,OMG403,"Specifik omvårdnad vid psykisk ohälsa, akuta situationer, av kvinnor och barn samt sjukdomar inom medicin, kirurgi, infektion och geriatrik",49,OMG403,Kurs4_sskgrund_OMG403.pdf,high,
VGSSY_OMG403_CONTENT_050,VGSSY,VGSSY,OMG403,"Specifik omvårdnad vid psykisk ohälsa, akuta situationer, av kvinnor och barn samt sjukdomar inom medicin, kirurgi, infektion och geriatrik",50,4/7,Kurs4_sskgrund_OMG403.pdf,high,
VGSSY_OMG403_CONTENT_051,VGSSY,VGSSY,OMG403,"Specifik omvårdnad vid psykisk ohälsa, akuta situationer, av kvinnor och barn samt sjukdomar inom medicin, kirurgi, infektion och geriatrik",51,omvårdnadspedagogik inom psykiatrisk vård,Kurs4_sskgrund_OMG403.pdf,high,
VGSSY_OMG403_CONTENT_052,VGSSY,VGSSY,OMG403,"Specifik omvårdnad vid psykisk ohälsa, akuta situationer, av kvinnor och barn samt sjukdomar inom medicin, kirurgi, infektion och geriatrik",52,palliativ vård samt vård vid livets slut,Kurs4_sskgrund_OMG403.pdf,high,
VGSSY_OMG403_CONTENT_053,VGSSY,VGSSY,OMG403,"Specifik omvårdnad vid psykisk ohälsa, akuta situationer, av kvinnor och barn samt sjukdomar inom medicin, kirurgi, infektion och geriatrik",53,centrala etiska begrepp och principer inom palliativ vård,Kurs4_sskgrund_OMG403.pdf,high,
VGSSY_OMG403_CONTENT_054,VGSSY,VGSSY,OMG403,"Specifik omvårdnad vid psykisk ohälsa, akuta situationer, av kvinnor och barn samt sjukdomar inom medicin, kirurgi, infektion och geriatrik",54,brytpunktssamtal,Kurs4_sskgrund_OMG403.pdf,high,
VGSSY_OMG403_CONTENT_055,VGSSY,VGSSY,OMG403,"Specifik omvårdnad vid psykisk ohälsa, akuta situationer, av kvinnor och barn samt sjukdomar inom medicin, kirurgi, infektion och geriatrik",55,reflektion kring hopp och lidande,Kurs4_sskgrund_OMG403.pdf,high,
VGSSY_OMG403_CONTENT_056,VGSSY,VGSSY,OMG403,"Specifik omvårdnad vid psykisk ohälsa, akuta situationer, av kvinnor och barn samt sjukdomar inom medicin, kirurgi, infektion och geriatrik",56,barn som utsatts för våld eller bevittnat våld i nära relationer,Kurs4_sskgrund_OMG403.pdf,high,
VGSSY_OMG403_CONTENT_057,VGSSY,VGSSY,OMG403,"Specifik omvårdnad vid psykisk ohälsa, akuta situationer, av kvinnor och barn samt sjukdomar inom medicin, kirurgi, infektion och geriatrik",57,handhavande av medicinskteknisk utrustning,Kurs4_sskgrund_OMG403.pdf,high,
VGSSY_OMG403_CONTENT_058,VGSSY,VGSSY,OMG403,"Specifik omvårdnad vid psykisk ohälsa, akuta situationer, av kvinnor och barn samt sjukdomar inom medicin, kirurgi, infektion och geriatrik",58,avancerad hemsjukvård i etiskt komplexa situationer,Kurs4_sskgrund_OMG403.pdf,high,
VGSSY_OMG403_CONTENT_059,VGSSY,VGSSY,OMG403,"Specifik omvårdnad vid psykisk ohälsa, akuta situationer, av kvinnor och barn samt sjukdomar inom medicin, kirurgi, infektion och geriatrik",59,avancerad hemsjukvård utifrån individuella omvårdnadsbehov,Kurs4_sskgrund_OMG403.pdf,high,
VGSSY_OMG403_CONTENT_060,VGSSY,VGSSY,OMG403,"Specifik omvårdnad vid psykisk ohälsa, akuta situationer, av kvinnor och barn samt sjukdomar inom medicin, kirurgi, infektion och geriatrik",60,avancerad hemsjukvård med fokus på hantering av,Kurs4_sskgrund_OMG403.pdf,high,
VGSSY_OMG403_CONTENT_061,VGSSY,VGSSY,OMG403,"Specifik omvårdnad vid psykisk ohälsa, akuta situationer, av kvinnor och barn samt sjukdomar inom medicin, kirurgi, infektion och geriatrik",61,medicinskteknisk utrustning,Kurs4_sskgrund_OMG403.pdf,high,
VGSSY_OMG551_CONTENT_001,VGSSY,VGSSY,OMG551,Omvårdnad vid komplexa vårdbehov I samt introduktion till självständigt arbete i omvårdnad,1,evidens i omvårdnadsarbetet,Kurs5_sskgrund_OMG551.pdf,high,
VGSSY_OMG551_CONTENT_002,VGSSY,VGSSY,OMG551,Omvårdnad vid komplexa vårdbehov I samt introduktion till självständigt arbete i omvårdnad,2,"forskningsprocessen: syfte, design och forskningsansats,",Kurs5_sskgrund_OMG551.pdf,high,
VGSSY_OMG551_CONTENT_003,VGSSY,VGSSY,OMG551,Omvårdnad vid komplexa vårdbehov I samt introduktion till självständigt arbete i omvårdnad,3,"datainsamlings-, urvals- och analysmetoder (inklusive statistik)",Kurs5_sskgrund_OMG551.pdf,high,
VGSSY_OMG551_CONTENT_004,VGSSY,VGSSY,OMG551,Omvårdnad vid komplexa vårdbehov I samt introduktion till självständigt arbete i omvårdnad,4,inom ämnet omvårdnad,Kurs5_sskgrund_OMG551.pdf,high,
VGSSY_OMG551_CONTENT_005,VGSSY,VGSSY,OMG551,Omvårdnad vid komplexa vårdbehov I samt introduktion till självständigt arbete i omvårdnad,5,OMG551,Kurs5_sskgrund_OMG551.pdf,high,
VGSSY_OMG551_CONTENT_006,VGSSY,VGSSY,OMG551,Omvårdnad vid komplexa vårdbehov I samt introduktion till självständigt arbete i omvårdnad,6,3/7,Kurs5_sskgrund_OMG551.pdf,high,
VGSSY_OMG551_CONTENT_007,VGSSY,VGSSY,OMG551,Omvårdnad vid komplexa vårdbehov I samt introduktion till självständigt arbete i omvårdnad,7,trovärdighet samt reliabilitet och validitet,Kurs5_sskgrund_OMG551.pdf,high,
VGSSY_OMG551_CONTENT_008,VGSSY,VGSSY,OMG551,Omvårdnad vid komplexa vårdbehov I samt introduktion till självständigt arbete i omvårdnad,8,litteraturstudier,Kurs5_sskgrund_OMG551.pdf,high,
VGSSY_OMG551_CONTENT_009,VGSSY,VGSSY,OMG551,Omvårdnad vid komplexa vårdbehov I samt introduktion till självständigt arbete i omvårdnad,9,vetenskapsteoretiska traditioner,Kurs5_sskgrund_OMG551.pdf,high,
VGSSY_OMG551_CONTENT_010,VGSSY,VGSSY,OMG551,Omvårdnad vid komplexa vårdbehov I samt introduktion till självständigt arbete i omvårdnad,10,forsknings- och forskaretik inom humanforskning,Kurs5_sskgrund_OMG551.pdf,high,
VGSSY_OMG551_CONTENT_011,VGSSY,VGSSY,OMG551,Omvårdnad vid komplexa vårdbehov I samt introduktion till självständigt arbete i omvårdnad,11,strukturerad informationssökning avseende forskning inom ämnet,Kurs5_sskgrund_OMG551.pdf,high,
VGSSY_OMG551_CONTENT_012,VGSSY,VGSSY,OMG551,Omvårdnad vid komplexa vårdbehov I samt introduktion till självständigt arbete i omvårdnad,12,omvårdnad,Kurs5_sskgrund_OMG551.pdf,high,
VGSSY_OMG551_CONTENT_013,VGSSY,VGSSY,OMG551,Omvårdnad vid komplexa vårdbehov I samt introduktion till självständigt arbete i omvårdnad,13,kvalitetsgranskning av omvårdnadsforskning,Kurs5_sskgrund_OMG551.pdf,high,
VGSSY_OMG551_CONTENT_014,VGSSY,VGSSY,OMG551,Omvårdnad vid komplexa vårdbehov I samt introduktion till självständigt arbete i omvårdnad,14,verksamhetsförlagd utbildning (VFU),Kurs5_sskgrund_OMG551.pdf,high,
VGSSY_OMG551_CONTENT_015,VGSSY,VGSSY,OMG551,Omvårdnad vid komplexa vårdbehov I samt introduktion till självständigt arbete i omvårdnad,15,professionell kommunikation,Kurs5_sskgrund_OMG551.pdf,high,
VGSSY_OMG551_CONTENT_016,VGSSY,VGSSY,OMG551,Omvårdnad vid komplexa vårdbehov I samt introduktion till självständigt arbete i omvårdnad,16,"professionellt, etiskt förhållningssätt",Kurs5_sskgrund_OMG551.pdf,high,
VGSSY_OMG551_CONTENT_017,VGSSY,VGSSY,OMG551,Omvårdnad vid komplexa vårdbehov I samt introduktion till självständigt arbete i omvårdnad,17,omvårdnad i komplexa vårdsituationer,Kurs5_sskgrund_OMG551.pdf,high,
VGSSY_OMG551_CONTENT_018,VGSSY,VGSSY,OMG551,Omvårdnad vid komplexa vårdbehov I samt introduktion till självständigt arbete i omvårdnad,18,omvårdnadsprocessen i komplexa vårdsituationer,Kurs5_sskgrund_OMG551.pdf,high,
VGSSY_OMG551_CONTENT_019,VGSSY,VGSSY,OMG551,Omvårdnad vid komplexa vårdbehov I samt introduktion till självständigt arbete i omvårdnad,19,dokumentation i patientjournal,Kurs5_sskgrund_OMG551.pdf,high,
VGSSY_OMG551_CONTENT_020,VGSSY,VGSSY,OMG551,Omvårdnad vid komplexa vårdbehov I samt introduktion till självständigt arbete i omvårdnad,20,omvårdnadsinformatik,Kurs5_sskgrund_OMG551.pdf,high,
VGSSY_OMG551_CONTENT_021,VGSSY,VGSSY,OMG551,Omvårdnad vid komplexa vårdbehov I samt introduktion till självständigt arbete i omvårdnad,21,"patientsäker läkemedelshantering, undersökning och behandling",Kurs5_sskgrund_OMG551.pdf,high,
VGSSY_OMG551_CONTENT_022,VGSSY,VGSSY,OMG551,Omvårdnad vid komplexa vårdbehov I samt introduktion till självständigt arbete i omvårdnad,22,hälsofrämjande förhållningssätt,Kurs5_sskgrund_OMG551.pdf,high,
VGSSY_OMG551_CONTENT_023,VGSSY,VGSSY,OMG551,Omvårdnad vid komplexa vårdbehov I samt introduktion till självständigt arbete i omvårdnad,23,kommunikation,Kurs5_sskgrund_OMG551.pdf,high,
VGSSY_OMG551_CONTENT_024,VGSSY,VGSSY,OMG551,Omvårdnad vid komplexa vårdbehov I samt introduktion till självständigt arbete i omvårdnad,24,"ledarskap, teamarbete och samverkan",Kurs5_sskgrund_OMG551.pdf,high,
VGSSY_OMG551_CONTENT_025,VGSSY,VGSSY,OMG551,Omvårdnad vid komplexa vårdbehov I samt introduktion till självständigt arbete i omvårdnad,25,"grupprocesser, roller och konflikthantering",Kurs5_sskgrund_OMG551.pdf,high,
VGSSY_OMG551_CONTENT_026,VGSSY,VGSSY,OMG551,Omvårdnad vid komplexa vårdbehov I samt introduktion till självständigt arbete i omvårdnad,26,vårdmiljö,Kurs5_sskgrund_OMG551.pdf,high,
VGSSY_OMG551_CONTENT_027,VGSSY,VGSSY,OMG551,Omvårdnad vid komplexa vårdbehov I samt introduktion till självständigt arbete i omvårdnad,27,individuell vårdplanering,Kurs5_sskgrund_OMG551.pdf,high,
VGSSY_OMG551_CONTENT_028,VGSSY,VGSSY,OMG551,Omvårdnad vid komplexa vårdbehov I samt introduktion till självständigt arbete i omvårdnad,28,vetenskapligt skrivande inom kontexten omvårdnad,Kurs5_sskgrund_OMG551.pdf,high,
VGSSY_OMG551_CONTENT_029,VGSSY,VGSSY,OMG551,Omvårdnad vid komplexa vårdbehov I samt introduktion till självständigt arbete i omvårdnad,29,utformning av en projektplan inom ämnet omvårdnad,Kurs5_sskgrund_OMG551.pdf,high,
VGSSY_OMG551_CONTENT_030,VGSSY,VGSSY,OMG551,Omvårdnad vid komplexa vårdbehov I samt introduktion till självständigt arbete i omvårdnad,30,författningar,Kurs5_sskgrund_OMG551.pdf,high,
VGSSY_OMG551_CONTENT_031,VGSSY,VGSSY,OMG551,Omvårdnad vid komplexa vårdbehov I samt introduktion till självständigt arbete i omvårdnad,31,vårdhygien,Kurs5_sskgrund_OMG551.pdf,high,
VGSSY_OMG551_CONTENT_032,VGSSY,VGSSY,OMG551,Omvårdnad vid komplexa vårdbehov I samt introduktion till självständigt arbete i omvårdnad,32,personcentrerad vård,Kurs5_sskgrund_OMG551.pdf,high,
VGSSY_OMG551_CONTENT_033,VGSSY,VGSSY,OMG551,Omvårdnad vid komplexa vårdbehov I samt introduktion till självständigt arbete i omvårdnad,33,"självkännedom, noggrannhet, pålitlighet och omdöme i yrkesrollen",Kurs5_sskgrund_OMG551.pdf,high,
VGSSY_OMG551_CONTENT_034,VGSSY,VGSSY,OMG551,Omvårdnad vid komplexa vårdbehov I samt introduktion till självständigt arbete i omvårdnad,34,säker vård,Kurs5_sskgrund_OMG551.pdf,high,
VGSSY_OMG551_CONTENT_035,VGSSY,VGSSY,OMG551,Omvårdnad vid komplexa vårdbehov I samt introduktion till självständigt arbete i omvårdnad,35,"genus, jämställdhet och likabehandling inom vården",Kurs5_sskgrund_OMG551.pdf,high,
VGSSY_OMG551_CONTENT_036,VGSSY,VGSSY,OMG551,Omvårdnad vid komplexa vårdbehov I samt introduktion till självständigt arbete i omvårdnad,36,förbättringskunskap,Kurs5_sskgrund_OMG551.pdf,high,
VGSSY_OMG551_CONTENT_037,VGSSY,VGSSY,OMG551,Omvårdnad vid komplexa vårdbehov I samt introduktion till självständigt arbete i omvårdnad,37,implementering av förbättringsarbete,Kurs5_sskgrund_OMG551.pdf,high,
VGSSY_OMG551_CONTENT_038,VGSSY,VGSSY,OMG551,Omvårdnad vid komplexa vårdbehov I samt introduktion till självständigt arbete i omvårdnad,38,etik,Kurs5_sskgrund_OMG551.pdf,high,
VGSSY_OMG551_CONTENT_039,VGSSY,VGSSY,OMG551,Omvårdnad vid komplexa vårdbehov I samt introduktion till självständigt arbete i omvårdnad,39,opponentskap och respondentskap,Kurs5_sskgrund_OMG551.pdf,high,
VGSSY_OMG551_CONTENT_040,VGSSY,VGSSY,OMG551,Omvårdnad vid komplexa vårdbehov I samt introduktion till självständigt arbete i omvårdnad,40,OMG551,Kurs5_sskgrund_OMG551.pdf,high,
VGSSY_OMG551_CONTENT_041,VGSSY,VGSSY,OMG551,Omvårdnad vid komplexa vårdbehov I samt introduktion till självständigt arbete i omvårdnad,41,4/7,Kurs5_sskgrund_OMG551.pdf,high,
VGSSY_OMG805_CONTENT_001,VGSSY,VGSSY,OMG805,Självständigt arbete (examensarbete) i omvårdnad,1,vetenskapligt förhållningssätt,Kurs6_sskgrund_OMG805.pdf,high,
VGSSY_OMG805_CONTENT_002,VGSSY,VGSSY,OMG805,Självständigt arbete (examensarbete) i omvårdnad,2,forskningsprocessen,Kurs6_sskgrund_OMG805.pdf,high,
VGSSY_OMG805_CONTENT_003,VGSSY,VGSSY,OMG805,Självständigt arbete (examensarbete) i omvårdnad,3,vetenskapligt skrivande,Kurs6_sskgrund_OMG805.pdf,high,
VGSSY_OMG805_CONTENT_004,VGSSY,VGSSY,OMG805,Självständigt arbete (examensarbete) i omvårdnad,4,informationssökning,Kurs6_sskgrund_OMG805.pdf,high,
VGSSY_OMG805_CONTENT_005,VGSSY,VGSSY,OMG805,Självständigt arbete (examensarbete) i omvårdnad,5,forskningsetik,Kurs6_sskgrund_OMG805.pdf,high,
VGSSY_OMG805_CONTENT_006,VGSSY,VGSSY,OMG805,Självständigt arbete (examensarbete) i omvårdnad,6,forskaretik,Kurs6_sskgrund_OMG805.pdf,high,
VGSSY_OMG805_CONTENT_007,VGSSY,VGSSY,OMG805,Självständigt arbete (examensarbete) i omvårdnad,7,granskning och värdering av examensarbeten inom omvårdnad,Kurs6_sskgrund_OMG805.pdf,high,
VGSSY_OMG805_CONTENT_008,VGSSY,VGSSY,OMG805,Självständigt arbete (examensarbete) i omvårdnad,8,granskning av vetenskaplig kvalitet,Kurs6_sskgrund_OMG805.pdf,high,
VGSSY_OMG805_CONTENT_009,VGSSY,VGSSY,OMG805,Självständigt arbete (examensarbete) i omvårdnad,9,utformning av examensarbete inom omvårdnad,Kurs6_sskgrund_OMG805.pdf,high,
VGSSY_OMG805_CONTENT_010,VGSSY,VGSSY,OMG805,Självständigt arbete (examensarbete) i omvårdnad,10,opponentskap och försvar av examensarbeten inom omvårdnad,Kurs6_sskgrund_OMG805.pdf,high,
VGSSY_OMG805_CONTENT_011,VGSSY,VGSSY,OMG805,Självständigt arbete (examensarbete) i omvårdnad,11,vetenskaplig kommunikation,Kurs6_sskgrund_OMG805.pdf,high,
VGSSY_OMG552_CONTENT_001,VGSSY,VGSSY,OMG552,Omvårdnad vid komplexa vårdbehov II,1,verksamhetsförlagd utbildning (VFU),Kurs7_sskgrund_OMG552.docx,high,
VGSSY_OMG552_CONTENT_002,VGSSY,VGSSY,OMG552,Omvårdnad vid komplexa vårdbehov II,2,komplex vård,Kurs7_sskgrund_OMG552.docx,high,
VGSSY_OMG552_CONTENT_003,VGSSY,VGSSY,OMG552,Omvårdnad vid komplexa vårdbehov II,3,kommunikation,Kurs7_sskgrund_OMG552.docx,high,
VGSSY_OMG552_CONTENT_004,VGSSY,VGSSY,OMG552,Omvårdnad vid komplexa vårdbehov II,4,information,Kurs7_sskgrund_OMG552.docx,high,
VGSSY_OMG552_CONTENT_005,VGSSY,VGSSY,OMG552,Omvårdnad vid komplexa vårdbehov II,5,undervisning,Kurs7_sskgrund_OMG552.docx,high,
VGSSY_OMG552_CONTENT_006,VGSSY,VGSSY,OMG552,Omvårdnad vid komplexa vårdbehov II,6,omvårdnadsprocessen,Kurs7_sskgrund_OMG552.docx,high,
VGSSY_OMG552_CONTENT_007,VGSSY,VGSSY,OMG552,Omvårdnad vid komplexa vårdbehov II,7,hälsofrämjande och sjukdomsförebyggande åtgärder,Kurs7_sskgrund_OMG552.docx,high,
VGSSY_OMG552_CONTENT_008,VGSSY,VGSSY,OMG552,Omvårdnad vid komplexa vårdbehov II,8,läkemedelshantering och läkemedelsberäkning,Kurs7_sskgrund_OMG552.docx,high,
VGSSY_OMG552_CONTENT_009,VGSSY,VGSSY,OMG552,Omvårdnad vid komplexa vårdbehov II,9,"undersökningar, behandlingar samt medicinskteknisk utrustning",Kurs7_sskgrund_OMG552.docx,high,
VGSSY_OMG552_CONTENT_010,VGSSY,VGSSY,OMG552,Omvårdnad vid komplexa vårdbehov II,10,samverka,Kurs7_sskgrund_OMG552.docx,high,
VGSSY_OMG552_CONTENT_011,VGSSY,VGSSY,OMG552,Omvårdnad vid komplexa vårdbehov II,11,arbetsledning och handledning,Kurs7_sskgrund_OMG552.docx,high,
VGSSY_OMG552_CONTENT_012,VGSSY,VGSSY,OMG552,Omvårdnad vid komplexa vårdbehov II,12,kliniskt beslutsfattande,Kurs7_sskgrund_OMG552.docx,high,
VGSSY_OMG552_CONTENT_013,VGSSY,VGSSY,OMG552,Omvårdnad vid komplexa vårdbehov II,13,motivering av sitt handlande,Kurs7_sskgrund_OMG552.docx,high,
VGSSY_OMG552_CONTENT_014,VGSSY,VGSSY,OMG552,Omvårdnad vid komplexa vårdbehov II,14,reflektion och professionell utveckling,Kurs7_sskgrund_OMG552.docx,high,
VGSSY_OMG552_CONTENT_015,VGSSY,VGSSY,OMG552,Omvårdnad vid komplexa vårdbehov II,15,evidensbaserad vård,Kurs7_sskgrund_OMG552.docx,high,
VGSSY_OMG552_CONTENT_016,VGSSY,VGSSY,OMG552,Omvårdnad vid komplexa vårdbehov II,16,god och säker vård,Kurs7_sskgrund_OMG552.docx,high,
VGSSY_OMG552_CONTENT_017,VGSSY,VGSSY,OMG552,Omvårdnad vid komplexa vårdbehov II,17,författningar och styrdokument,Kurs7_sskgrund_OMG552.docx,high,
VGSSY_OMG552_CONTENT_018,VGSSY,VGSSY,OMG552,Omvårdnad vid komplexa vårdbehov II,18,professionellt förhållningssätt,Kurs7_sskgrund_OMG552.docx,high,
VGSSY_OMG552_CONTENT_019,VGSSY,VGSSY,OMG552,Omvårdnad vid komplexa vårdbehov II,19,personcentrerat förhållningssätt,Kurs7_sskgrund_OMG552.docx,high,
VGSSY_OMG552_CONTENT_020,VGSSY,VGSSY,OMG552,Omvårdnad vid komplexa vårdbehov II,20,"självkännedom, noggrannhet, pålitlighet och omdöme i yrkesrollen",Kurs7_sskgrund_OMG552.docx,high,
VGSSY_OMG552_CONTENT_021,VGSSY,VGSSY,OMG552,Omvårdnad vid komplexa vårdbehov II,21,interprofessionellt samarbete/lärande,Kurs7_sskgrund_OMG552.docx,high,
