exam_id,exam_source,program_uid,education_plan_uid,course_code,course_name_sv,module_code_if_stated,module_name_if_stated,credits_hp_if_stated,exam_order,examination_text_exact,examination_category,grading_scale_if_stated,related_learning_outcomes_if_stated,source_file,confidence,notes
VGSSY_MVG201_EXAM_SECTION_01,examination_section,VGSSY,VGSSY,MVG201,Introduktion till omvårdnad som arbetsområde och vetenskap samt fysiologi och anatomi del I,not_applicable,not_applicable,not_applicable,1,"Klinisk färdighetsträning, individuell",practical_skills_assessment,course_level,missing,Kurs1_sskgrund_MVG201.pdf,high,Semicolon-split from examination section.
VGSSY_MVG201_EXAM_SECTION_02,examination_section,VGSSY,VGSSY,MVG201,Introduktion till omvårdnad som arbetsområde och vetenskap samt fysiologi och anatomi del I,not_applicable,not_applicable,not_applicable,2,"seminarium, individuell bedömning",seminar,course_level,missing,Kurs1_sskgrund_MVG201.pdf,high,Semicolon-split from examination section.
VGSSY_MVG201_EXAM_SECTION_03,examination_section,VGSSY,VGSSY,MVG201,Introduktion till omvårdnad som arbetsområde och vetenskap samt fysiologi och anatomi del I,not_applicable,not_applicable,not_applicable,3,"muntlig gruppresentation av uppgift, individuell bedömning",oral,course_level,missing,Kurs1_sskgrund_MVG201.pdf,high,Semicolon-split from examination section.
VGSSY_MVG201_EXAM_SECTION_04,examination_section,VGSSY,VGSSY,MVG201,Introduktion till omvårdnad som arbetsområde och vetenskap samt fysiologi och anatomi del I,not_applicable,not_applicable,not_applicable,4,"tentamen, individuell",written_exam,course_level,missing,Kurs1_sskgrund_MVG201.pdf,high,Semicolon-split from examination section.
VGSSY_MVG201_EXAM_SECTION_05,examination_section,VGSSY,VGSSY,MVG201,Introduktion till omvårdnad som arbetsområde och vetenskap samt fysiologi och anatomi del I,not_applicable,not_applicable,not_applicable,5,"skriftlig examination, grupp med individuell bedömning",written,course_level,missing,Kurs1_sskgrund_MVG201.pdf,high,Semicolon-split from examination section.
VGSSY_MVG201_EXAM_SECTION_06,examination_section,VGSSY,VGSSY,MVG201,Introduktion till omvårdnad som arbetsområde och vetenskap samt fysiologi och anatomi del I,not_applicable,not_applicable,not_applicable,6,"laboration, individuell",other,course_level,missing,Kurs1_sskgrund_MVG201.pdf,high,Semicolon-split from examination section.
VGSSY_MVG201_EXAM_SECTION_07,examination_section,VGSSY,VGSSY,MVG201,Introduktion till omvårdnad som arbetsområde och vetenskap samt fysiologi och anatomi del I,not_applicable,not_applicable,not_applicable,7,"klinisk examination, individuell",clinical_examination,course_level,missing,Kurs1_sskgrund_MVG201.pdf,high,Semicolon-split from examination section.
VGSSY_MVG201_EXAM_SECTION_08,examination_section,VGSSY,VGSSY,MVG201,Introduktion till omvårdnad som arbetsområde och vetenskap samt fysiologi och anatomi del I,not_applicable,not_applicable,not_applicable,8,"skriftlig examination, individuell. För examination av lärandemål 20-22 krävs närvaro under den verksamhetsförlagda utbildningen (VFU) i den utsträckning som anges i studiehandledningen. Som en del av kursens examinationer krävs aktivt deltagande i obligatoriska undervisningsaktiviteter i kursen. Med aktivt deltagande menas att studenten bidrar med arbete, inspel och/eller egna reflektioner med relevans för uppgiften. De obligatoriska undervisningsaktiviteterna är relaterade till lärandemål 7, 8, 10, 14 samt 17 och beskrivs i studiehandledningen. Samtliga examinationer och obligatoriska undervisningsaktiviteter ska vara godkända respektive genomförda för att kursen som helhet ska betraktas som godkänd.",vfu_assessment|written,course_level,missing,Kurs1_sskgrund_MVG201.pdf,high,Semicolon-split from examination section.
VGSSY_OMG401_EXAM_SECTION_01,examination_section,VGSSY,VGSSY,OMG401,Omvårdnad vid vanligt förekommande sjukdomstillstånd samt fysiologi och anatomi del II,not_applicable,not_applicable,not_applicable,1,"Seminarium, individuell bedömning",seminar,course_level,missing,Kurs2_sskgrund_OMG401.pdf,high,Semicolon-split from examination section.
VGSSY_OMG401_EXAM_SECTION_02,examination_section,VGSSY,VGSSY,OMG401,Omvårdnad vid vanligt förekommande sjukdomstillstånd samt fysiologi och anatomi del II,not_applicable,not_applicable,not_applicable,2,"skriftlig examination, individuell",written,course_level,missing,Kurs2_sskgrund_OMG401.pdf,high,Semicolon-split from examination section.
VGSSY_OMG401_EXAM_SECTION_03,examination_section,VGSSY,VGSSY,OMG401,Omvårdnad vid vanligt förekommande sjukdomstillstånd samt fysiologi och anatomi del II,not_applicable,not_applicable,not_applicable,3,"tentamen, individuell",written_exam,course_level,missing,Kurs2_sskgrund_OMG401.pdf,high,Semicolon-split from examination section.
VGSSY_OMG401_EXAM_SECTION_04,examination_section,VGSSY,VGSSY,OMG401,Omvårdnad vid vanligt förekommande sjukdomstillstånd samt fysiologi och anatomi del II,not_applicable,not_applicable,not_applicable,4,"muntlig presentation av gruppuppgift, individuell bedömning",oral,course_level,missing,Kurs2_sskgrund_OMG401.pdf,high,Semicolon-split from examination section.
VGSSY_OMG401_EXAM_SECTION_05,examination_section,VGSSY,VGSSY,OMG401,Omvårdnad vid vanligt förekommande sjukdomstillstånd samt fysiologi och anatomi del II,not_applicable,not_applicable,not_applicable,5,"skriftlig examination, grupp med individuell bedömning",written,course_level,missing,Kurs2_sskgrund_OMG401.pdf,high,Semicolon-split from examination section.
VGSSY_OMG401_EXAM_SECTION_06,examination_section,VGSSY,VGSSY,OMG401,Omvårdnad vid vanligt förekommande sjukdomstillstånd samt fysiologi och anatomi del II,not_applicable,not_applicable,not_applicable,6,individuell dokumenterad bedömning av VFU enligt fastställda kriterier och lärandemål med muntlig dokumenterad genomgång,vfu_assessment|oral,course_level,missing,Kurs2_sskgrund_OMG401.pdf,high,Semicolon-split from examination section.
VGSSY_OMG401_EXAM_SECTION_07,examination_section,VGSSY,VGSSY,OMG401,Omvårdnad vid vanligt förekommande sjukdomstillstånd samt fysiologi och anatomi del II,not_applicable,not_applicable,not_applicable,7,"klinisk examination, individuell. Närvaro under VFU krävs i den utsträckning som anges i studiehandledningen. Som en del av kursens examinationer krävs aktivt deltagande i obligatoriska undervisningsaktiviteter i kursen. Med aktivt deltagande menas att studenten bidrar med arbete, inspel och/eller egna reflektioner med relevans för uppgiften. De obligatoriska undervisningsaktiviteterna är relaterade till lärandemål 3, 6-7, 14-20 samt 22-27 och beskrivs i studiehandledningen. Samtliga examinationer och obligatoriska undervisningsaktiviteter ska vara godkända respektive genomförda för att kursen som helhet ska betraktas som godkänd.",vfu_assessment|clinical_examination,course_level,missing,Kurs2_sskgrund_OMG401.pdf,high,Semicolon-split from examination section.
VGSSY_OMG402_EXAM_SECTION_01,examination_section,VGSSY,VGSSY,OMG402,"Specifik omvårdnad vid folksjukdomar, pediatrik, sexuell- och reproduktiv hälsa",not_applicable,not_applicable,not_applicable,1,"er Tentamen, individuell",written_exam,course_level,missing,p_21_3REV kp Specifik omvaÂ°rdnad vid folksjukdomar pediatrik sexuell- och reproduktiv haÂ¨lsa _ 30 hp _ OMG402 _ KomplettKurs grundnivaÂ°.docx,high,Semicolon-split from examination section.
VGSSY_OMG402_EXAM_SECTION_02,examination_section,VGSSY,VGSSY,OMG402,"Specifik omvårdnad vid folksjukdomar, pediatrik, sexuell- och reproduktiv hälsa",not_applicable,not_applicable,not_applicable,2,"skriftlig examination, grupp med individuell bedömning",written,course_level,missing,p_21_3REV kp Specifik omvaÂ°rdnad vid folksjukdomar pediatrik sexuell- och reproduktiv haÂ¨lsa _ 30 hp _ OMG402 _ KomplettKurs grundnivaÂ°.docx,high,Semicolon-split from examination section.
VGSSY_OMG402_EXAM_SECTION_03,examination_section,VGSSY,VGSSY,OMG402,"Specifik omvårdnad vid folksjukdomar, pediatrik, sexuell- och reproduktiv hälsa",not_applicable,not_applicable,not_applicable,3,"tentamen, individuell",written_exam,course_level,missing,p_21_3REV kp Specifik omvaÂ°rdnad vid folksjukdomar pediatrik sexuell- och reproduktiv haÂ¨lsa _ 30 hp _ OMG402 _ KomplettKurs grundnivaÂ°.docx,high,Semicolon-split from examination section.
VGSSY_OMG402_EXAM_SECTION_04,examination_section,VGSSY,VGSSY,OMG402,"Specifik omvårdnad vid folksjukdomar, pediatrik, sexuell- och reproduktiv hälsa",not_applicable,not_applicable,not_applicable,4,"seminarium, individuell bedömning",seminar,course_level,missing,p_21_3REV kp Specifik omvaÂ°rdnad vid folksjukdomar pediatrik sexuell- och reproduktiv haÂ¨lsa _ 30 hp _ OMG402 _ KomplettKurs grundnivaÂ°.docx,high,Semicolon-split from examination section.
VGSSY_OMG402_EXAM_SECTION_05,examination_section,VGSSY,VGSSY,OMG402,"Specifik omvårdnad vid folksjukdomar, pediatrik, sexuell- och reproduktiv hälsa",not_applicable,not_applicable,not_applicable,5,"klinisk färdighetsträning, individuell",practical_skills_assessment,course_level,missing,p_21_3REV kp Specifik omvaÂ°rdnad vid folksjukdomar pediatrik sexuell- och reproduktiv haÂ¨lsa _ 30 hp _ OMG402 _ KomplettKurs grundnivaÂ°.docx,high,Semicolon-split from examination section.
VGSSY_OMG402_EXAM_SECTION_06,examination_section,VGSSY,VGSSY,OMG402,"Specifik omvårdnad vid folksjukdomar, pediatrik, sexuell- och reproduktiv hälsa",not_applicable,not_applicable,not_applicable,6,"muntlig examination, individuell",oral,course_level,missing,p_21_3REV kp Specifik omvaÂ°rdnad vid folksjukdomar pediatrik sexuell- och reproduktiv haÂ¨lsa _ 30 hp _ OMG402 _ KomplettKurs grundnivaÂ°.docx,high,Semicolon-split from examination section.
VGSSY_OMG402_EXAM_SECTION_07,examination_section,VGSSY,VGSSY,OMG402,"Specifik omvårdnad vid folksjukdomar, pediatrik, sexuell- och reproduktiv hälsa",not_applicable,not_applicable,not_applicable,7,"individuell dokumenterad bedömning av VFU enligt fastställda kriterier och lärandemål med muntlig dokumenterad genomgång. Närvaro under VFU krävs i den utsträckning som anges i studiehandledningen. Som en del av kursens examinationer krävs aktivt deltagande i obligatoriska undervisningsaktiviteter i kursen. Med aktivt deltagande menas att studenten bidrar med arbete, inspel och/eller egna reflektioner med relevans för uppgiften. De obligatoriska undervisningsaktiviteterna är relaterade till lärandemål 3, 11,12,14, samt 18, och beskrivs i studiehandledningen. Samtliga examinationer och obligatoriska undervisningsaktiviteter ska vara godkända respektive genomförda för att kursen som helhet ska betraktas som godkänd.",vfu_assessment|oral,course_level,missing,p_21_3REV kp Specifik omvaÂ°rdnad vid folksjukdomar pediatrik sexuell- och reproduktiv haÂ¨lsa _ 30 hp _ OMG402 _ KomplettKurs grundnivaÂ°.docx,high,Semicolon-split from examination section.
VGSSY_OMG403_EXAM_SECTION_01,examination_section,VGSSY,VGSSY,OMG403,"Specifik omvårdnad vid psykisk ohälsa, akuta situationer, av kvinnor och barn samt sjukdomar inom medicin, kirurgi, infektion och geriatrik",not_applicable,not_applicable,not_applicable,1,"Seminarium, individuell bedömning",seminar,course_level,missing,Kurs4_sskgrund_OMG403.pdf,high,Semicolon-split from examination section.
VGSSY_OMG403_EXAM_SECTION_02,examination_section,VGSSY,VGSSY,OMG403,"Specifik omvårdnad vid psykisk ohälsa, akuta situationer, av kvinnor och barn samt sjukdomar inom medicin, kirurgi, infektion och geriatrik",not_applicable,not_applicable,not_applicable,2,"muntlig examination, individuell",oral,course_level,missing,Kurs4_sskgrund_OMG403.pdf,high,Semicolon-split from examination section.
VGSSY_OMG403_EXAM_SECTION_03,examination_section,VGSSY,VGSSY,OMG403,"Specifik omvårdnad vid psykisk ohälsa, akuta situationer, av kvinnor och barn samt sjukdomar inom medicin, kirurgi, infektion och geriatrik",not_applicable,not_applicable,not_applicable,3,"tentamen, individuell",written_exam,course_level,missing,Kurs4_sskgrund_OMG403.pdf,high,Semicolon-split from examination section.
VGSSY_OMG403_EXAM_SECTION_04,examination_section,VGSSY,VGSSY,OMG403,"Specifik omvårdnad vid psykisk ohälsa, akuta situationer, av kvinnor och barn samt sjukdomar inom medicin, kirurgi, infektion och geriatrik",not_applicable,not_applicable,not_applicable,4,"klinisk färdighetsträning, individuell",practical_skills_assessment,course_level,missing,Kurs4_sskgrund_OMG403.pdf,high,Semicolon-split from examination section.
VGSSY_OMG403_EXAM_SECTION_05,examination_section,VGSSY,VGSSY,OMG403,"Specifik omvårdnad vid psykisk ohälsa, akuta situationer, av kvinnor och barn samt sjukdomar inom medicin, kirurgi, infektion och geriatrik",not_applicable,not_applicable,not_applicable,5,individuell dokumenterad bedömning av VFU enligt fastställda kriterier och lärandemål med muntlig dokumenterad genomgång,vfu_assessment|oral,course_level,missing,Kurs4_sskgrund_OMG403.pdf,high,Semicolon-split from examination section.
VGSSY_OMG403_EXAM_SECTION_06,examination_section,VGSSY,VGSSY,OMG403,"Specifik omvårdnad vid psykisk ohälsa, akuta situationer, av kvinnor och barn samt sjukdomar inom medicin, kirurgi, infektion och geriatrik",not_applicable,not_applicable,not_applicable,6,"klinisk examination, individuell",clinical_examination,course_level,missing,Kurs4_sskgrund_OMG403.pdf,high,Semicolon-split from examination section.
VGSSY_OMG403_EXAM_SECTION_07,examination_section,VGSSY,VGSSY,OMG403,"Specifik omvårdnad vid psykisk ohälsa, akuta situationer, av kvinnor och barn samt sjukdomar inom medicin, kirurgi, infektion och geriatrik",not_applicable,not_applicable,not_applicable,7,"skriftlig examination, grupp med individuell bedömning",written,course_level,missing,Kurs4_sskgrund_OMG403.pdf,high,Semicolon-split from examination section.
VGSSY_OMG403_EXAM_SECTION_08,examination_section,VGSSY,VGSSY,OMG403,"Specifik omvårdnad vid psykisk ohälsa, akuta situationer, av kvinnor och barn samt sjukdomar inom medicin, kirurgi, infektion och geriatrik",not_applicable,not_applicable,not_applicable,8,"skriftlig examination, individuell",written,course_level,missing,Kurs4_sskgrund_OMG403.pdf,high,Semicolon-split from examination section.
VGSSY_OMG403_EXAM_SECTION_09,examination_section,VGSSY,VGSSY,OMG403,"Specifik omvårdnad vid psykisk ohälsa, akuta situationer, av kvinnor och barn samt sjukdomar inom medicin, kirurgi, infektion och geriatrik",not_applicable,not_applicable,not_applicable,9,"muntlig gruppresentation av uppgift, individuell bedömning. Närvaro under VFU krävs i den utsträckning som anges i studiehandledningen. Som en del av kursens examinationer krävs aktivt deltagande i obligatoriska undervisningsaktiviteter i kursen. Med aktivt deltagande menas att studenten bidrar med arbete, inspel och/eller egna reflektioner med relevans för uppgiften. De obligatoriska undervisningsaktiviteterna är relaterade till lärandemål 2 - 7, 10, 11, 23, 24, 26 - 29 samt 31 och beskrivs i studiehandledningen. Samtliga examinationer och obligatoriska undervisningsaktiviteter ska vara 2026-03-18 11:40 OMG403 https://edu.hig.se/docs/sv/syllabus/course/OMG403?valid-from=2026-01-19 5/7 godkända respektive genomförda för att kursen som helhet ska betraktas som godkänd.",vfu_assessment|oral,course_level,missing,Kurs4_sskgrund_OMG403.pdf,high,Semicolon-split from examination section.
VGSSY_OMG551_EXAM_SECTION_01,examination_section,VGSSY,VGSSY,OMG551,Omvårdnad vid komplexa vårdbehov I samt introduktion till självständigt arbete i omvårdnad,not_applicable,not_applicable,not_applicable,1,"Seminarium, individuell bedömning",seminar,course_level,missing,Kurs5_sskgrund_OMG551.pdf,high,Semicolon-split from examination section.
VGSSY_OMG551_EXAM_SECTION_02,examination_section,VGSSY,VGSSY,OMG551,Omvårdnad vid komplexa vårdbehov I samt introduktion till självständigt arbete i omvårdnad,not_applicable,not_applicable,not_applicable,2,individuell dokumenterad bedömning av VFU enligt fastställda kriterier och lärandemål med muntlig dokumenterad genomgång,vfu_assessment|oral,course_level,missing,Kurs5_sskgrund_OMG551.pdf,high,Semicolon-split from examination section.
VGSSY_OMG551_EXAM_SECTION_03,examination_section,VGSSY,VGSSY,OMG551,Omvårdnad vid komplexa vårdbehov I samt introduktion till självständigt arbete i omvårdnad,not_applicable,not_applicable,not_applicable,3,"skriftlig examination, grupp med individuell bedömning",written,course_level,missing,Kurs5_sskgrund_OMG551.pdf,high,Semicolon-split from examination section.
VGSSY_OMG551_EXAM_SECTION_04,examination_section,VGSSY,VGSSY,OMG551,Omvårdnad vid komplexa vårdbehov I samt introduktion till självständigt arbete i omvårdnad,not_applicable,not_applicable,not_applicable,4,"muntlig gruppresentation av uppgift, individuell bedömning",oral,course_level,missing,Kurs5_sskgrund_OMG551.pdf,high,Semicolon-split from examination section.
VGSSY_OMG551_EXAM_SECTION_05,examination_section,VGSSY,VGSSY,OMG551,Omvårdnad vid komplexa vårdbehov I samt introduktion till självständigt arbete i omvårdnad,not_applicable,not_applicable,not_applicable,5,"skriftlig examination, individuell. Närvaro under VFU krävs i den utsträckning som anges i studiehandledningen. Som en del av kursens examinationer krävs aktivt deltagande i obligatoriska undervisningsaktiviteter i kursen. Med aktivt deltagande menas att studenten bidrar med arbete, inspel och/eller egna reflektioner med relevans för uppgiften. I kursen kommer även moment med vårdhygien att ingå som obligatorisk undervisningsaktivitet och är relaterade till lärandemål 22 och 25, vilket beskrivs i studiehandledningen. Samtliga examinationer och obligatoriska undervisningsaktiviteter ska vara godkända respektive genomförda för att kursen som helhet ska betraktas som godkänd.",vfu_assessment|written,course_level,missing,Kurs5_sskgrund_OMG551.pdf,high,Semicolon-split from examination section.
VGSSY_OMG805_EXAM_SECTION_01,examination_section,VGSSY,VGSSY,OMG805,Självständigt arbete (examensarbete) i omvårdnad,not_applicable,not_applicable,not_applicable,1,"Författa, presentera och försvara ett examensarbete samt granska och opponera på en annan students examensarbete. 2026-03-18 11:40 OMG805 https://edu.hig.se/docs/sv/syllabus/course/OMG805?valid-from=2027-01-18 2/3",other,course_level,missing,Kurs6_sskgrund_OMG805.pdf,high,Semicolon-split from examination section.
VGSSY_MVG201_EXAM_MODULE_0001,module_table,VGSSY,VGSSY,MVG201,Introduktion till omvårdnad som arbetsområde och vetenskap samt fysiologi och anatomi del I,0001,"Klinisk färdighetsträning, individuell samt seminarium, individuell bedömning (mål 1, 12)",1.0,1,"Klinisk färdighetsträning, individuell samt seminarium, individuell bedömning (mål 1, 12)",practical_skills_assessment|seminar,UG,"1, 12",Kurs1_sskgrund_MVG201.pdf,high,"Derived from module table; module table is treated as authoritative for hp, grading scale and learning-outcome linkage."
VGSSY_MVG201_EXAM_MODULE_0002,module_table,VGSSY,VGSSY,MVG201,Introduktion till omvårdnad som arbetsområde och vetenskap samt fysiologi och anatomi del I,0002,"Muntlig gruppresentation av uppgift, individuell bedömning (mål 2, 3)",2.0,2,"Muntlig gruppresentation av uppgift, individuell bedömning (mål 2, 3)",oral,UG,"2, 3",Kurs1_sskgrund_MVG201.pdf,high,"Derived from module table; module table is treated as authoritative for hp, grading scale and learning-outcome linkage."
VGSSY_MVG201_EXAM_MODULE_0003,module_table,VGSSY,VGSSY,MVG201,Introduktion till omvårdnad som arbetsområde och vetenskap samt fysiologi och anatomi del I,0003,"Muntlig gruppresentation av uppgift, individuell bedömning (mål 4)",1.0,3,"Muntlig gruppresentation av uppgift, individuell bedömning (mål 4)",oral,UG,4,Kurs1_sskgrund_MVG201.pdf,high,"Derived from module table; module table is treated as authoritative for hp, grading scale and learning-outcome linkage."
VGSSY_MVG201_EXAM_MODULE_0004,module_table,VGSSY,VGSSY,MVG201,Introduktion till omvårdnad som arbetsområde och vetenskap samt fysiologi och anatomi del I,0004,"Muntlig gruppresentation av uppgift, individuell bedömning (mål 5)",1.0,4,"Muntlig gruppresentation av uppgift, individuell bedömning (mål 5)",oral,UG,5,Kurs1_sskgrund_MVG201.pdf,high,"Derived from module table; module table is treated as authoritative for hp, grading scale and learning-outcome linkage."
VGSSY_MVG201_EXAM_MODULE_0005,module_table,VGSSY,VGSSY,MVG201,Introduktion till omvårdnad som arbetsområde och vetenskap samt fysiologi och anatomi del I,0005,"Tentamen, individuell (mål 6)",5.0,5,"Tentamen, individuell (mål 6)",written_exam,UV,6,Kurs1_sskgrund_MVG201.pdf,high,"Derived from module table; module table is treated as authoritative for hp, grading scale and learning-outcome linkage."
VGSSY_MVG201_EXAM_MODULE_0006,module_table,VGSSY,VGSSY,MVG201,Introduktion till omvårdnad som arbetsområde och vetenskap samt fysiologi och anatomi del I,0006,"Muntlig gruppresentation av uppgift, individuell bedömning (mål 7)",2.0,6,"Muntlig gruppresentation av uppgift, individuell bedömning (mål 7)",oral,UG,7,Kurs1_sskgrund_MVG201.pdf,high,"Derived from module table; module table is treated as authoritative for hp, grading scale and learning-outcome linkage."
VGSSY_MVG201_EXAM_MODULE_0007,module_table,VGSSY,VGSSY,MVG201,Introduktion till omvårdnad som arbetsområde och vetenskap samt fysiologi och anatomi del I,0007,"Tentamen, individuell (mål 8)",3.0,7,"Tentamen, individuell (mål 8)",written_exam,UV,8,Kurs1_sskgrund_MVG201.pdf,high,"Derived from module table; module table is treated as authoritative for hp, grading scale and learning-outcome linkage."
VGSSY_MVG201_EXAM_MODULE_0008,module_table,VGSSY,VGSSY,MVG201,Introduktion till omvårdnad som arbetsområde och vetenskap samt fysiologi och anatomi del I,0008,"Skriftlig examination, grupp med individuell bedömning (mål 9)",1.0,8,"Skriftlig examination, grupp med individuell bedömning (mål 9)",written,UG,9,Kurs1_sskgrund_MVG201.pdf,high,"Derived from module table; module table is treated as authoritative for hp, grading scale and learning-outcome linkage."
VGSSY_MVG201_EXAM_MODULE_0009,module_table,VGSSY,VGSSY,MVG201,Introduktion till omvårdnad som arbetsområde och vetenskap samt fysiologi och anatomi del I,0009,"Muntlig gruppresentation av uppgift, individuell bedömning (mål 10)",2.0,9,"Muntlig gruppresentation av uppgift, individuell bedömning (mål 10)",oral,UG,10,Kurs1_sskgrund_MVG201.pdf,high,"Derived from module table; module table is treated as authoritative for hp, grading scale and learning-outcome linkage."
VGSSY_MVG201_EXAM_MODULE_0010,module_table,VGSSY,VGSSY,MVG201,Introduktion till omvårdnad som arbetsområde och vetenskap samt fysiologi och anatomi del I,0010,"Skriftlig examination, grupp med individuell bedömning (mål 11)",2.0,10,"Skriftlig examination, grupp med individuell bedömning (mål 11)",written,UV,11,Kurs1_sskgrund_MVG201.pdf,high,"Derived from module table; module table is treated as authoritative for hp, grading scale and learning-outcome linkage."
VGSSY_MVG201_EXAM_MODULE_0011,module_table,VGSSY,VGSSY,MVG201,Introduktion till omvårdnad som arbetsområde och vetenskap samt fysiologi och anatomi del I,0011,"Klinisk färdighetsträning, individuell (mål 13, 14)",2.0,11,"Klinisk färdighetsträning, individuell (mål 13, 14)",practical_skills_assessment,UG,"13, 14",Kurs1_sskgrund_MVG201.pdf,high,"Derived from module table; module table is treated as authoritative for hp, grading scale and learning-outcome linkage."
VGSSY_MVG201_EXAM_MODULE_0012,module_table,VGSSY,VGSSY,MVG201,Introduktion till omvårdnad som arbetsområde och vetenskap samt fysiologi och anatomi del I,0012,"Laboration, individuell (mål 15)",0.5,12,"Laboration, individuell (mål 15)",other,UG,15,Kurs1_sskgrund_MVG201.pdf,high,"Derived from module table; module table is treated as authoritative for hp, grading scale and learning-outcome linkage."
VGSSY_MVG201_EXAM_MODULE_0013,module_table,VGSSY,VGSSY,MVG201,Introduktion till omvårdnad som arbetsområde och vetenskap samt fysiologi och anatomi del I,0013,"Klinisk examination, individuell (mål 16)",1.0,13,"Klinisk examination, individuell (mål 16)",clinical_examination,UG,16,Kurs1_sskgrund_MVG201.pdf,high,"Derived from module table; module table is treated as authoritative for hp, grading scale and learning-outcome linkage."
VGSSY_MVG201_EXAM_MODULE_0014,module_table,VGSSY,VGSSY,MVG201,Introduktion till omvårdnad som arbetsområde och vetenskap samt fysiologi och anatomi del I,0014,"Tentamen, individuell (mål 17)",1.5,14,"Tentamen, individuell (mål 17)",written_exam,UG,17,Kurs1_sskgrund_MVG201.pdf,high,"Derived from module table; module table is treated as authoritative for hp, grading scale and learning-outcome linkage."
VGSSY_MVG201_EXAM_MODULE_0015,module_table,VGSSY,VGSSY,MVG201,Introduktion till omvårdnad som arbetsområde och vetenskap samt fysiologi och anatomi del I,0015,"Skriftlig examination, individuell (mål 18-20)",3.0,15,"Skriftlig examination, individuell (mål 18-20)",written,UV,18-20,Kurs1_sskgrund_MVG201.pdf,high,"Derived from module table; module table is treated as authoritative for hp, grading scale and learning-outcome linkage."
VGSSY_MVG201_EXAM_MODULE_0016,module_table,VGSSY,VGSSY,MVG201,Introduktion till omvårdnad som arbetsområde och vetenskap samt fysiologi och anatomi del I,0016,"Seminarium, individuell bedömning (mål 21)",1.0,16,"Seminarium, individuell bedömning (mål 21)",seminar,UG,21,Kurs1_sskgrund_MVG201.pdf,high,"Derived from module table; module table is treated as authoritative for hp, grading scale and learning-outcome linkage."
VGSSY_MVG201_EXAM_MODULE_0017,module_table,VGSSY,VGSSY,MVG201,Introduktion till omvårdnad som arbetsområde och vetenskap samt fysiologi och anatomi del I,0017,"Seminarium, individuell bedömning (mål 22)",1.0,17,"Seminarium, individuell bedömning (mål 22)",seminar,UG,22,Kurs1_sskgrund_MVG201.pdf,high,"Derived from module table; module table is treated as authoritative for hp, grading scale and learning-outcome linkage."
VGSSY_OMG401_EXAM_MODULE_0001,module_table,VGSSY,VGSSY,OMG401,Omvårdnad vid vanligt förekommande sjukdomstillstånd samt fysiologi och anatomi del II,0001,"Seminarium, individuell bedömning (mål 1)",0.5,1,"Seminarium, individuell bedömning (mål 1)",seminar,UG,1,Kurs2_sskgrund_OMG401.pdf,high,"Derived from module table; module table is treated as authoritative for hp, grading scale and learning-outcome linkage."
VGSSY_OMG401_EXAM_MODULE_0002,module_table,VGSSY,VGSSY,OMG401,Omvårdnad vid vanligt förekommande sjukdomstillstånd samt fysiologi och anatomi del II,0002,"Seminarium, individuell bedömning (mål 2)",0.5,2,"Seminarium, individuell bedömning (mål 2)",seminar,UG,2,Kurs2_sskgrund_OMG401.pdf,high,"Derived from module table; module table is treated as authoritative for hp, grading scale and learning-outcome linkage."
VGSSY_OMG401_EXAM_MODULE_0003,module_table,VGSSY,VGSSY,OMG401,Omvårdnad vid vanligt förekommande sjukdomstillstånd samt fysiologi och anatomi del II,0003,"Skriftlig examination, grupp med individuell bedömning (mål 3)",0.5,3,"Skriftlig examination, grupp med individuell bedömning (mål 3)",written,UV,3,Kurs2_sskgrund_OMG401.pdf,high,"Derived from module table; module table is treated as authoritative for hp, grading scale and learning-outcome linkage."
VGSSY_OMG401_EXAM_MODULE_0004,module_table,VGSSY,VGSSY,OMG401,Omvårdnad vid vanligt förekommande sjukdomstillstånd samt fysiologi och anatomi del II,0004,"Seminarium, individuell bedömning (mål 4)",0.5,4,"Seminarium, individuell bedömning (mål 4)",seminar,UG,4,Kurs2_sskgrund_OMG401.pdf,high,"Derived from module table; module table is treated as authoritative for hp, grading scale and learning-outcome linkage."
VGSSY_OMG401_EXAM_MODULE_0005,module_table,VGSSY,VGSSY,OMG401,Omvårdnad vid vanligt förekommande sjukdomstillstånd samt fysiologi och anatomi del II,0005,"Seminarium, individuell bedömning (mål 5)",1.0,5,"Seminarium, individuell bedömning (mål 5)",seminar,UG,5,Kurs2_sskgrund_OMG401.pdf,high,"Derived from module table; module table is treated as authoritative for hp, grading scale and learning-outcome linkage."
VGSSY_OMG401_EXAM_MODULE_0006,module_table,VGSSY,VGSSY,OMG401,Omvårdnad vid vanligt förekommande sjukdomstillstånd samt fysiologi och anatomi del II,0006,"Skriftlig examination, individuell (mål 6)",1.0,6,"Skriftlig examination, individuell (mål 6)",written,UG,6,Kurs2_sskgrund_OMG401.pdf,high,"Derived from module table; module table is treated as authoritative for hp, grading scale and learning-outcome linkage."
VGSSY_OMG401_EXAM_MODULE_0007,module_table,VGSSY,VGSSY,OMG401,Omvårdnad vid vanligt förekommande sjukdomstillstånd samt fysiologi och anatomi del II,0007,"Tentamen, individuell (mål 7)",6.5,7,"Tentamen, individuell (mål 7)",written_exam,UV,7,Kurs2_sskgrund_OMG401.pdf,high,"Derived from module table; module table is treated as authoritative for hp, grading scale and learning-outcome linkage."
VGSSY_OMG401_EXAM_MODULE_0008,module_table,VGSSY,VGSSY,OMG401,Omvårdnad vid vanligt förekommande sjukdomstillstånd samt fysiologi och anatomi del II,0008,Tentamen individuell (mål 8),0.5,8,Tentamen individuell (mål 8),written_exam,UG,8,Kurs2_sskgrund_OMG401.pdf,high,"Derived from module table; module table is treated as authoritative for hp, grading scale and learning-outcome linkage."
VGSSY_OMG401_EXAM_MODULE_0009,module_table,VGSSY,VGSSY,OMG401,Omvårdnad vid vanligt förekommande sjukdomstillstånd samt fysiologi och anatomi del II,0009,"Seminarium, individuell bedömning (mål 9)",0.5,9,"Seminarium, individuell bedömning (mål 9)",seminar,UG,9,Kurs2_sskgrund_OMG401.pdf,high,"Derived from module table; module table is treated as authoritative for hp, grading scale and learning-outcome linkage."
VGSSY_OMG401_EXAM_MODULE_0010,module_table,VGSSY,VGSSY,OMG401,Omvårdnad vid vanligt förekommande sjukdomstillstånd samt fysiologi och anatomi del II,0010,"Muntlig presentation av gruppuppgift, individuell bedömning samt skriftlig examination, grupp med individuell bedömning (mål 10)",2.0,10,"Muntlig presentation av gruppuppgift, individuell bedömning samt skriftlig examination, grupp med individuell bedömning (mål 10)",written|oral,UV,10,Kurs2_sskgrund_OMG401.pdf,high,"Derived from module table; module table is treated as authoritative for hp, grading scale and learning-outcome linkage."
VGSSY_OMG401_EXAM_MODULE_0011,module_table,VGSSY,VGSSY,OMG401,Omvårdnad vid vanligt förekommande sjukdomstillstånd samt fysiologi och anatomi del II,0011,"Tentamen, individuell (mål 11)",2.0,11,"Tentamen, individuell (mål 11)",written_exam,UV,11,Kurs2_sskgrund_OMG401.pdf,high,"Derived from module table; module table is treated as authoritative for hp, grading scale and learning-outcome linkage."
VGSSY_OMG401_EXAM_MODULE_0012,module_table,VGSSY,VGSSY,OMG401,Omvårdnad vid vanligt förekommande sjukdomstillstånd samt fysiologi och anatomi del II,0012,"Seminarium, individuell bedömning (mål 12)",2.0,12,"Seminarium, individuell bedömning (mål 12)",seminar,UV,12,Kurs2_sskgrund_OMG401.pdf,high,"Derived from module table; module table is treated as authoritative for hp, grading scale and learning-outcome linkage."
VGSSY_OMG401_EXAM_MODULE_0013,module_table,VGSSY,VGSSY,OMG401,Omvårdnad vid vanligt förekommande sjukdomstillstånd samt fysiologi och anatomi del II,0013,"Skriftlig examination, grupp med individuell bedömning (mål 13)",0.5,13,"Skriftlig examination, grupp med individuell bedömning (mål 13)",written,UG,13,Kurs2_sskgrund_OMG401.pdf,high,"Derived from module table; module table is treated as authoritative for hp, grading scale and learning-outcome linkage."
VGSSY_OMG401_EXAM_MODULE_0016,module_table,VGSSY,VGSSY,OMG401,Omvårdnad vid vanligt förekommande sjukdomstillstånd samt fysiologi och anatomi del II,0016,"Tentamen, individuell (mål 24)",1.5,14,"Tentamen, individuell (mål 24)",written_exam,UG,24,Kurs2_sskgrund_OMG401.pdf,high,"Derived from module table; module table is treated as authoritative for hp, grading scale and learning-outcome linkage."
VGSSY_OMG401_EXAM_MODULE_0017,module_table,VGSSY,VGSSY,OMG401,Omvårdnad vid vanligt förekommande sjukdomstillstånd samt fysiologi och anatomi del II,0017,"Klinisk examination, individuell (mål 21-22)",1.0,15,"Klinisk examination, individuell (mål 21-22)",clinical_examination,UV,21-22,Kurs2_sskgrund_OMG401.pdf,high,"Derived from module table; module table is treated as authoritative for hp, grading scale and learning-outcome linkage."
VGSSY_OMG401_EXAM_MODULE_0018,module_table,VGSSY,VGSSY,OMG401,Omvårdnad vid vanligt förekommande sjukdomstillstånd samt fysiologi och anatomi del II,0018,"Klinisk examination, individuell (mål 23)",0.5,16,"Klinisk examination, individuell (mål 23)",clinical_examination,UG,23,Kurs2_sskgrund_OMG401.pdf,high,"Derived from module table; module table is treated as authoritative for hp, grading scale and learning-outcome linkage."
VGSSY_OMG401_EXAM_MODULE_0019,module_table,VGSSY,VGSSY,OMG401,Omvårdnad vid vanligt förekommande sjukdomstillstånd samt fysiologi och anatomi del II,0019,"Individuell dokumenterad bedömning av VFU enligt fastställda kriterier och lärandemål med muntlig dokumenterad genomgång (mål 14–20, 25–27)",9.0,17,"Individuell dokumenterad bedömning av VFU enligt fastställda kriterier och lärandemål med muntlig dokumenterad genomgång (mål 14–20, 25–27)",vfu_assessment|oral,UG,"14–20, 25–27",Kurs2_sskgrund_OMG401.pdf,high,"Derived from module table; module table is treated as authoritative for hp, grading scale and learning-outcome linkage."
VGSSY_OMG402_EXAM_MODULE_0001,module_table,VGSSY,VGSSY,OMG402,"Specifik omvårdnad vid folksjukdomar, pediatrik, sexuell- och reproduktiv hälsa",0001,"Tentamen, individuell (mål 1)",0.5,1,"Tentamen, individuell (mål 1)",written_exam,UG,1,p_21_3REV kp Specifik omvaÂ°rdnad vid folksjukdomar pediatrik sexuell- och reproduktiv haÂ¨lsa _ 30 hp _ OMG402 _ KomplettKurs grundnivaÂ°.docx,high,"Derived from module table; module table is treated as authoritative for hp, grading scale and learning-outcome linkage."
VGSSY_OMG402_EXAM_MODULE_0003,module_table,VGSSY,VGSSY,OMG402,"Specifik omvårdnad vid folksjukdomar, pediatrik, sexuell- och reproduktiv hälsa",0003,"Tentamen, individuell (mål 3)",4.5,2,"Tentamen, individuell (mål 3)",written_exam,UV,3,p_21_3REV kp Specifik omvaÂ°rdnad vid folksjukdomar pediatrik sexuell- och reproduktiv haÂ¨lsa _ 30 hp _ OMG402 _ KomplettKurs grundnivaÂ°.docx,high,"Derived from module table; module table is treated as authoritative for hp, grading scale and learning-outcome linkage."
VGSSY_OMG402_EXAM_MODULE_0006,module_table,VGSSY,VGSSY,OMG402,"Specifik omvårdnad vid folksjukdomar, pediatrik, sexuell- och reproduktiv hälsa",0006,"Tentamen, individuell (mål 8)",0.5,3,"Tentamen, individuell (mål 8)",written_exam,UG,8,p_21_3REV kp Specifik omvaÂ°rdnad vid folksjukdomar pediatrik sexuell- och reproduktiv haÂ¨lsa _ 30 hp _ OMG402 _ KomplettKurs grundnivaÂ°.docx,high,"Derived from module table; module table is treated as authoritative for hp, grading scale and learning-outcome linkage."
VGSSY_OMG402_EXAM_MODULE_0007,module_table,VGSSY,VGSSY,OMG402,"Specifik omvårdnad vid folksjukdomar, pediatrik, sexuell- och reproduktiv hälsa",0007,"Seminarium, individuell bedömning (mål 8)",1.0,4,"Seminarium, individuell bedömning (mål 8)",seminar,UG,8,p_21_3REV kp Specifik omvaÂ°rdnad vid folksjukdomar pediatrik sexuell- och reproduktiv haÂ¨lsa _ 30 hp _ OMG402 _ KomplettKurs grundnivaÂ°.docx,high,"Derived from module table; module table is treated as authoritative for hp, grading scale and learning-outcome linkage."
VGSSY_OMG402_EXAM_MODULE_0009,module_table,VGSSY,VGSSY,OMG402,"Specifik omvårdnad vid folksjukdomar, pediatrik, sexuell- och reproduktiv hälsa",0009,"Tentamen, individuell (mål 11)",1.0,5,"Tentamen, individuell (mål 11)",written_exam,UV,11,p_21_3REV kp Specifik omvaÂ°rdnad vid folksjukdomar pediatrik sexuell- och reproduktiv haÂ¨lsa _ 30 hp _ OMG402 _ KomplettKurs grundnivaÂ°.docx,high,"Derived from module table; module table is treated as authoritative for hp, grading scale and learning-outcome linkage."
VGSSY_OMG402_EXAM_MODULE_0010,module_table,VGSSY,VGSSY,OMG402,"Specifik omvårdnad vid folksjukdomar, pediatrik, sexuell- och reproduktiv hälsa",0010,"Tentamen, individuell (mål 12)",1.0,6,"Tentamen, individuell (mål 12)",written_exam,UV,12,p_21_3REV kp Specifik omvaÂ°rdnad vid folksjukdomar pediatrik sexuell- och reproduktiv haÂ¨lsa _ 30 hp _ OMG402 _ KomplettKurs grundnivaÂ°.docx,high,"Derived from module table; module table is treated as authoritative for hp, grading scale and learning-outcome linkage."
VGSSY_OMG402_EXAM_MODULE_0013,module_table,VGSSY,VGSSY,OMG402,"Specifik omvårdnad vid folksjukdomar, pediatrik, sexuell- och reproduktiv hälsa",0013,"Seminarium, individuell bedömning (mål 15,16)",1.5,7,"Seminarium, individuell bedömning (mål 15,16)",seminar,UG,"15,16",p_21_3REV kp Specifik omvaÂ°rdnad vid folksjukdomar pediatrik sexuell- och reproduktiv haÂ¨lsa _ 30 hp _ OMG402 _ KomplettKurs grundnivaÂ°.docx,high,"Derived from module table; module table is treated as authoritative for hp, grading scale and learning-outcome linkage."
VGSSY_OMG402_EXAM_MODULE_0014,module_table,VGSSY,VGSSY,OMG402,"Specifik omvårdnad vid folksjukdomar, pediatrik, sexuell- och reproduktiv hälsa",0014,"Seminarium, individuell bedömning (mål 17)",1.0,8,"Seminarium, individuell bedömning (mål 17)",seminar,UG,17,p_21_3REV kp Specifik omvaÂ°rdnad vid folksjukdomar pediatrik sexuell- och reproduktiv haÂ¨lsa _ 30 hp _ OMG402 _ KomplettKurs grundnivaÂ°.docx,high,"Derived from module table; module table is treated as authoritative for hp, grading scale and learning-outcome linkage."
VGSSY_OMG402_EXAM_MODULE_0016,module_table,VGSSY,VGSSY,OMG402,"Specifik omvårdnad vid folksjukdomar, pediatrik, sexuell- och reproduktiv hälsa",0016,Individuell dokumenterad bedömning av VFU enligt fastställda kriterier och lärandemål med muntlig dokumenterad genomgång (mål 19–29),9.0,9,Individuell dokumenterad bedömning av VFU enligt fastställda kriterier och lärandemål med muntlig dokumenterad genomgång (mål 19–29),vfu_assessment|oral,UG,19–29,p_21_3REV kp Specifik omvaÂ°rdnad vid folksjukdomar pediatrik sexuell- och reproduktiv haÂ¨lsa _ 30 hp _ OMG402 _ KomplettKurs grundnivaÂ°.docx,high,"Derived from module table; module table is treated as authoritative for hp, grading scale and learning-outcome linkage."
VGSSY_OMG402_EXAM_MODULE_0017,module_table,VGSSY,VGSSY,OMG402,"Specifik omvårdnad vid folksjukdomar, pediatrik, sexuell- och reproduktiv hälsa",0017,"Tentamen, individuell (mål 30)",0.5,10,"Tentamen, individuell (mål 30)",written_exam,UG,30,p_21_3REV kp Specifik omvaÂ°rdnad vid folksjukdomar pediatrik sexuell- och reproduktiv haÂ¨lsa _ 30 hp _ OMG402 _ KomplettKurs grundnivaÂ°.docx,high,"Derived from module table; module table is treated as authoritative for hp, grading scale and learning-outcome linkage."
VGSSY_OMG402_EXAM_MODULE_0020,module_table,VGSSY,VGSSY,OMG402,"Specifik omvårdnad vid folksjukdomar, pediatrik, sexuell- och reproduktiv hälsa",0020,"Seminarium, individuell bedömning (mål 2)",1.0,11,"Seminarium, individuell bedömning (mål 2)",seminar,UV,2,p_21_3REV kp Specifik omvaÂ°rdnad vid folksjukdomar pediatrik sexuell- och reproduktiv haÂ¨lsa _ 30 hp _ OMG402 _ KomplettKurs grundnivaÂ°.docx,high,"Derived from module table; module table is treated as authoritative for hp, grading scale and learning-outcome linkage."
VGSSY_OMG402_EXAM_MODULE_0021,module_table,VGSSY,VGSSY,OMG402,"Specifik omvårdnad vid folksjukdomar, pediatrik, sexuell- och reproduktiv hälsa",0021,"Muntlig examination, individuell (mål 4)",1.5,12,"Muntlig examination, individuell (mål 4)",oral,UG,4,p_21_3REV kp Specifik omvaÂ°rdnad vid folksjukdomar pediatrik sexuell- och reproduktiv haÂ¨lsa _ 30 hp _ OMG402 _ KomplettKurs grundnivaÂ°.docx,high,"Derived from module table; module table is treated as authoritative for hp, grading scale and learning-outcome linkage."
VGSSY_OMG402_EXAM_MODULE_0022,module_table,VGSSY,VGSSY,OMG402,"Specifik omvårdnad vid folksjukdomar, pediatrik, sexuell- och reproduktiv hälsa",0022,"Tentamen, individuell (mål 5)",0.5,13,"Tentamen, individuell (mål 5)",written_exam,UG,5,p_21_3REV kp Specifik omvaÂ°rdnad vid folksjukdomar pediatrik sexuell- och reproduktiv haÂ¨lsa _ 30 hp _ OMG402 _ KomplettKurs grundnivaÂ°.docx,high,"Derived from module table; module table is treated as authoritative for hp, grading scale and learning-outcome linkage."
VGSSY_OMG402_EXAM_MODULE_0023,module_table,VGSSY,VGSSY,OMG402,"Specifik omvårdnad vid folksjukdomar, pediatrik, sexuell- och reproduktiv hälsa",0023,"Seminarium, individuell bedömning (mål 6,7)",1.0,14,"Seminarium, individuell bedömning (mål 6,7)",seminar,UV,"6,7",p_21_3REV kp Specifik omvaÂ°rdnad vid folksjukdomar pediatrik sexuell- och reproduktiv haÂ¨lsa _ 30 hp _ OMG402 _ KomplettKurs grundnivaÂ°.docx,high,"Derived from module table; module table is treated as authoritative for hp, grading scale and learning-outcome linkage."
VGSSY_OMG402_EXAM_MODULE_0024,module_table,VGSSY,VGSSY,OMG402,"Specifik omvårdnad vid folksjukdomar, pediatrik, sexuell- och reproduktiv hälsa",0024,"Seminarium, individuell bedömning (mål 9,10, 31)",1.5,15,"Seminarium, individuell bedömning (mål 9,10, 31)",seminar,UV,"9,10, 31",p_21_3REV kp Specifik omvaÂ°rdnad vid folksjukdomar pediatrik sexuell- och reproduktiv haÂ¨lsa _ 30 hp _ OMG402 _ KomplettKurs grundnivaÂ°.docx,high,"Derived from module table; module table is treated as authoritative for hp, grading scale and learning-outcome linkage."
VGSSY_OMG402_EXAM_MODULE_0025,module_table,VGSSY,VGSSY,OMG402,"Specifik omvårdnad vid folksjukdomar, pediatrik, sexuell- och reproduktiv hälsa",0025,"Tentamen, individuell (mål 14)",1.0,16,"Tentamen, individuell (mål 14)",written_exam,UV,14,p_21_3REV kp Specifik omvaÂ°rdnad vid folksjukdomar pediatrik sexuell- och reproduktiv haÂ¨lsa _ 30 hp _ OMG402 _ KomplettKurs grundnivaÂ°.docx,high,"Derived from module table; module table is treated as authoritative for hp, grading scale and learning-outcome linkage."
VGSSY_OMG402_EXAM_MODULE_0026,module_table,VGSSY,VGSSY,OMG402,"Specifik omvårdnad vid folksjukdomar, pediatrik, sexuell- och reproduktiv hälsa",0026,"Klinisk färdighetsträning, individuell (mål 18)",1.5,17,"Klinisk färdighetsträning, individuell (mål 18)",practical_skills_assessment,UG,18,p_21_3REV kp Specifik omvaÂ°rdnad vid folksjukdomar pediatrik sexuell- och reproduktiv haÂ¨lsa _ 30 hp _ OMG402 _ KomplettKurs grundnivaÂ°.docx,high,"Derived from module table; module table is treated as authoritative for hp, grading scale and learning-outcome linkage."
VGSSY_OMG402_EXAM_MODULE_0027,module_table,VGSSY,VGSSY,OMG402,"Specifik omvårdnad vid folksjukdomar, pediatrik, sexuell- och reproduktiv hälsa",0027,"Tentamen, individuell (mål 13)",0.5,18,"Tentamen, individuell (mål 13)",written_exam,UG,13,p_21_3REV kp Specifik omvaÂ°rdnad vid folksjukdomar pediatrik sexuell- och reproduktiv haÂ¨lsa _ 30 hp _ OMG402 _ KomplettKurs grundnivaÂ°.docx,high,"Derived from module table; module table is treated as authoritative for hp, grading scale and learning-outcome linkage."
VGSSY_OMG402_EXAM_MODULE_0028,module_table,VGSSY,VGSSY,OMG402,"Specifik omvårdnad vid folksjukdomar, pediatrik, sexuell- och reproduktiv hälsa",0028,"Seminarium, individuell bedömning (mål 32, 33)",1.0,19,"Seminarium, individuell bedömning (mål 32, 33)",seminar,UV,"32, 33",p_21_3REV kp Specifik omvaÂ°rdnad vid folksjukdomar pediatrik sexuell- och reproduktiv haÂ¨lsa _ 30 hp _ OMG402 _ KomplettKurs grundnivaÂ°.docx,high,"Derived from module table; module table is treated as authoritative for hp, grading scale and learning-outcome linkage."
VGSSY_OMG403_EXAM_MODULE_0001,module_table,VGSSY,VGSSY,OMG403,"Specifik omvårdnad vid psykisk ohälsa, akuta situationer, av kvinnor och barn samt sjukdomar inom medicin, kirurgi, infektion och geriatrik",0001,"Seminarium, individuell bedömning (mål 1)",0.5,1,"Seminarium, individuell bedömning (mål 1)",seminar,UG,1,Kurs4_sskgrund_OMG403.pdf,high,"Derived from module table; module table is treated as authoritative for hp, grading scale and learning-outcome linkage."
VGSSY_OMG403_EXAM_MODULE_0002,module_table,VGSSY,VGSSY,OMG403,"Specifik omvårdnad vid psykisk ohälsa, akuta situationer, av kvinnor och barn samt sjukdomar inom medicin, kirurgi, infektion och geriatrik",0002,"Klinisk examination, individuell (mål 2, 3, 23)",4.5,2,"Klinisk examination, individuell (mål 2, 3, 23)",clinical_examination,UG,"2, 3, 23",Kurs4_sskgrund_OMG403.pdf,high,"Derived from module table; module table is treated as authoritative for hp, grading scale and learning-outcome linkage."
VGSSY_OMG403_EXAM_MODULE_0003,module_table,VGSSY,VGSSY,OMG403,"Specifik omvårdnad vid psykisk ohälsa, akuta situationer, av kvinnor och barn samt sjukdomar inom medicin, kirurgi, infektion och geriatrik",0003,"Muntlig examination, individuell (mål 4–6, 10)",3.0,3,"Muntlig examination, individuell (mål 4–6, 10)",oral,UG,"4–6, 10",Kurs4_sskgrund_OMG403.pdf,high,"Derived from module table; module table is treated as authoritative for hp, grading scale and learning-outcome linkage."
VGSSY_OMG403_EXAM_MODULE_0004,module_table,VGSSY,VGSSY,OMG403,"Specifik omvårdnad vid psykisk ohälsa, akuta situationer, av kvinnor och barn samt sjukdomar inom medicin, kirurgi, infektion och geriatrik",0004,"Muntlig examination, individuell (mål 7, 31)",1.0,4,"Muntlig examination, individuell (mål 7, 31)",oral,UG,"7, 31",Kurs4_sskgrund_OMG403.pdf,high,"Derived from module table; module table is treated as authoritative for hp, grading scale and learning-outcome linkage."
VGSSY_OMG403_EXAM_MODULE_0007,module_table,VGSSY,VGSSY,OMG403,"Specifik omvårdnad vid psykisk ohälsa, akuta situationer, av kvinnor och barn samt sjukdomar inom medicin, kirurgi, infektion och geriatrik",0007,"Tentamen, individuell samt klinisk färdighetsträning, individuell (mål 14)",1.0,5,"Tentamen, individuell samt klinisk färdighetsträning, individuell (mål 14)",practical_skills_assessment|written_exam,UG,14,Kurs4_sskgrund_OMG403.pdf,high,"Derived from module table; module table is treated as authoritative for hp, grading scale and learning-outcome linkage."
VGSSY_OMG403_EXAM_MODULE_0009,module_table,VGSSY,VGSSY,OMG403,"Specifik omvårdnad vid psykisk ohälsa, akuta situationer, av kvinnor och barn samt sjukdomar inom medicin, kirurgi, infektion och geriatrik",0009,"Tentamen, individuell samt klinisk färdighetsträning, individuell (mål 24)",0.5,6,"Tentamen, individuell samt klinisk färdighetsträning, individuell (mål 24)",practical_skills_assessment|written_exam,UG,24,Kurs4_sskgrund_OMG403.pdf,high,"Derived from module table; module table is treated as authoritative for hp, grading scale and learning-outcome linkage."
VGSSY_OMG403_EXAM_MODULE_0010,module_table,VGSSY,VGSSY,OMG403,"Specifik omvårdnad vid psykisk ohälsa, akuta situationer, av kvinnor och barn samt sjukdomar inom medicin, kirurgi, infektion och geriatrik",0010,"Klinisk examination, individuell (mål 25)",1.5,7,"Klinisk examination, individuell (mål 25)",clinical_examination,UV,25,Kurs4_sskgrund_OMG403.pdf,high,"Derived from module table; module table is treated as authoritative for hp, grading scale and learning-outcome linkage."
VGSSY_OMG403_EXAM_MODULE_0013,module_table,VGSSY,VGSSY,OMG403,"Specifik omvårdnad vid psykisk ohälsa, akuta situationer, av kvinnor och barn samt sjukdomar inom medicin, kirurgi, infektion och geriatrik",0013,"Seminarium, individuell bedömning (mål 30)",0.5,8,"Seminarium, individuell bedömning (mål 30)",seminar,UG,30,Kurs4_sskgrund_OMG403.pdf,high,"Derived from module table; module table is treated as authoritative for hp, grading scale and learning-outcome linkage."
VGSSY_OMG403_EXAM_MODULE_0016,module_table,VGSSY,VGSSY,OMG403,"Specifik omvårdnad vid psykisk ohälsa, akuta situationer, av kvinnor och barn samt sjukdomar inom medicin, kirurgi, infektion och geriatrik",0016,"Skriftlig examination, grupp med individuell bedömning (mål 36)",0.5,9,"Skriftlig examination, grupp med individuell bedömning (mål 36)",written,UV,36,Kurs4_sskgrund_OMG403.pdf,high,"Derived from module table; module table is treated as authoritative for hp, grading scale and learning-outcome linkage."
VGSSY_OMG403_EXAM_MODULE_0017,module_table,VGSSY,VGSSY,OMG403,"Specifik omvårdnad vid psykisk ohälsa, akuta situationer, av kvinnor och barn samt sjukdomar inom medicin, kirurgi, infektion och geriatrik",0017,"Tentamen, individuell (mål 11, 12)",1.5,10,"Tentamen, individuell (mål 11, 12)",written_exam,UV,"11, 12",Kurs4_sskgrund_OMG403.pdf,high,"Derived from module table; module table is treated as authoritative for hp, grading scale and learning-outcome linkage."
VGSSY_OMG403_EXAM_MODULE_0019,module_table,VGSSY,VGSSY,OMG403,"Specifik omvårdnad vid psykisk ohälsa, akuta situationer, av kvinnor och barn samt sjukdomar inom medicin, kirurgi, infektion och geriatrik",0019,"Seminarium individuell bedömning (mål 9, 13, 37)",1.0,11,"Seminarium individuell bedömning (mål 9, 13, 37)",seminar,UG,"9, 13, 37",Kurs4_sskgrund_OMG403.pdf,high,"Derived from module table; module table is treated as authoritative for hp, grading scale and learning-outcome linkage."
VGSSY_OMG403_EXAM_MODULE_0020,module_table,VGSSY,VGSSY,OMG403,"Specifik omvårdnad vid psykisk ohälsa, akuta situationer, av kvinnor och barn samt sjukdomar inom medicin, kirurgi, infektion och geriatrik",0020,"Seminarium, individuell bedömning (mål 8)",1.5,12,"Seminarium, individuell bedömning (mål 8)",seminar,UG,8,Kurs4_sskgrund_OMG403.pdf,high,"Derived from module table; module table is treated as authoritative for hp, grading scale and learning-outcome linkage."
VGSSY_OMG403_EXAM_MODULE_0021,module_table,VGSSY,VGSSY,OMG403,"Specifik omvårdnad vid psykisk ohälsa, akuta situationer, av kvinnor och barn samt sjukdomar inom medicin, kirurgi, infektion och geriatrik",0021,"Seminarium, individuell bedömning (mål 26, 28, 29)",3.0,13,"Seminarium, individuell bedömning (mål 26, 28, 29)",seminar,UG,"26, 28, 29",Kurs4_sskgrund_OMG403.pdf,high,"Derived from module table; module table is treated as authoritative for hp, grading scale and learning-outcome linkage."
VGSSY_OMG403_EXAM_MODULE_0022,module_table,VGSSY,VGSSY,OMG403,"Specifik omvårdnad vid psykisk ohälsa, akuta situationer, av kvinnor och barn samt sjukdomar inom medicin, kirurgi, infektion och geriatrik",0022,"Seminarium, individuell bedömning (mål 27)",1.5,14,"Seminarium, individuell bedömning (mål 27)",seminar,UG,27,Kurs4_sskgrund_OMG403.pdf,high,"Derived from module table; module table is treated as authoritative for hp, grading scale and learning-outcome linkage."
VGSSY_OMG403_EXAM_MODULE_0023,module_table,VGSSY,VGSSY,OMG403,"Specifik omvårdnad vid psykisk ohälsa, akuta situationer, av kvinnor och barn samt sjukdomar inom medicin, kirurgi, infektion och geriatrik",0023,"Skriftlig examination, individuell bedömning (mål 35)",0.5,15,"Skriftlig examination, individuell bedömning (mål 35)",written,UG,35,Kurs4_sskgrund_OMG403.pdf,high,"Derived from module table; module table is treated as authoritative for hp, grading scale and learning-outcome linkage."
VGSSY_OMG403_EXAM_MODULE_0024,module_table,VGSSY,VGSSY,OMG403,"Specifik omvårdnad vid psykisk ohälsa, akuta situationer, av kvinnor och barn samt sjukdomar inom medicin, kirurgi, infektion och geriatrik",0024,"Individuell dokumenterad bedömning av VFU enligt fastställda kriterier och lärandemål med muntlig dokumenterad genomgång (mål 15-20, 33-34)",7.0,16,"Individuell dokumenterad bedömning av VFU enligt fastställda kriterier och lärandemål med muntlig dokumenterad genomgång (mål 15-20, 33-34)",vfu_assessment|oral,UG,"15-20, 33-34",Kurs4_sskgrund_OMG403.pdf,high,"Derived from module table; module table is treated as authoritative for hp, grading scale and learning-outcome linkage."
VGSSY_OMG403_EXAM_MODULE_0025,module_table,VGSSY,VGSSY,OMG403,"Specifik omvårdnad vid psykisk ohälsa, akuta situationer, av kvinnor och barn samt sjukdomar inom medicin, kirurgi, infektion och geriatrik",0025,"Seminarium, individuell bedömning (mål 21)",0.5,17,"Seminarium, individuell bedömning (mål 21)",seminar,UG,21,Kurs4_sskgrund_OMG403.pdf,high,"Derived from module table; module table is treated as authoritative for hp, grading scale and learning-outcome linkage."
VGSSY_OMG403_EXAM_MODULE_0026,module_table,VGSSY,VGSSY,OMG403,"Specifik omvårdnad vid psykisk ohälsa, akuta situationer, av kvinnor och barn samt sjukdomar inom medicin, kirurgi, infektion och geriatrik",0026,"Muntlig gruppresentation av uppgift, individuell bedömning (mål 22, 32)",0.5,18,"Muntlig gruppresentation av uppgift, individuell bedömning (mål 22, 32)",oral,UG,"22, 32",Kurs4_sskgrund_OMG403.pdf,high,"Derived from module table; module table is treated as authoritative for hp, grading scale and learning-outcome linkage."
VGSSY_OMG551_EXAM_MODULE_0001,module_table,VGSSY,VGSSY,OMG551,Omvårdnad vid komplexa vårdbehov I samt introduktion till självständigt arbete i omvårdnad,0001,"Seminarium, individuell bedömning (mål 1)",1.5,1,"Seminarium, individuell bedömning (mål 1)",seminar,UG,1,Kurs5_sskgrund_OMG551.pdf,high,"Derived from module table; module table is treated as authoritative for hp, grading scale and learning-outcome linkage."
VGSSY_OMG551_EXAM_MODULE_0002,module_table,VGSSY,VGSSY,OMG551,Omvårdnad vid komplexa vårdbehov I samt introduktion till självständigt arbete i omvårdnad,0002,"Seminarium, individuell bedömning (mål 2)",2.5,2,"Seminarium, individuell bedömning (mål 2)",seminar,UG,2,Kurs5_sskgrund_OMG551.pdf,high,"Derived from module table; module table is treated as authoritative for hp, grading scale and learning-outcome linkage."
VGSSY_OMG551_EXAM_MODULE_0003,module_table,VGSSY,VGSSY,OMG551,Omvårdnad vid komplexa vårdbehov I samt introduktion till självständigt arbete i omvårdnad,0003,"Seminarium, individuell bedömning (mål 3)",1.0,3,"Seminarium, individuell bedömning (mål 3)",seminar,UG,3,Kurs5_sskgrund_OMG551.pdf,high,"Derived from module table; module table is treated as authoritative for hp, grading scale and learning-outcome linkage."
VGSSY_OMG551_EXAM_MODULE_0004,module_table,VGSSY,VGSSY,OMG551,Omvårdnad vid komplexa vårdbehov I samt introduktion till självständigt arbete i omvårdnad,0004,"Individuell dokumenterad bedömning av VFU enligt fastställda kriterier och lärandemål med muntlig dokumenterad genomgång (mål 4‐10, 21-23)",6.0,4,"Individuell dokumenterad bedömning av VFU enligt fastställda kriterier och lärandemål med muntlig dokumenterad genomgång (mål 4‐10, 21-23)",vfu_assessment|oral,UV,"4‐10, 21-23",Kurs5_sskgrund_OMG551.pdf,high,"Derived from module table; module table is treated as authoritative for hp, grading scale and learning-outcome linkage."
VGSSY_OMG551_EXAM_MODULE_0005,module_table,VGSSY,VGSSY,OMG551,Omvårdnad vid komplexa vårdbehov I samt introduktion till självständigt arbete i omvårdnad,0005,"Individuell dokumenterad bedömning av VFU enligt fastställda kriterier och lärandemål med muntlig dokumenterad genomgång (mål 11-17, 24-26)",6.0,5,"Individuell dokumenterad bedömning av VFU enligt fastställda kriterier och lärandemål med muntlig dokumenterad genomgång (mål 11-17, 24-26)",vfu_assessment|oral,UV,"11-17, 24-26",Kurs5_sskgrund_OMG551.pdf,high,"Derived from module table; module table is treated as authoritative for hp, grading scale and learning-outcome linkage."
VGSSY_OMG551_EXAM_MODULE_0006,module_table,VGSSY,VGSSY,OMG551,Omvårdnad vid komplexa vårdbehov I samt introduktion till självständigt arbete i omvårdnad,0006,"Seminarium, individuell bedömning (mål 18)",2.0,6,"Seminarium, individuell bedömning (mål 18)",seminar,UG,18,Kurs5_sskgrund_OMG551.pdf,high,"Derived from module table; module table is treated as authoritative for hp, grading scale and learning-outcome linkage."
VGSSY_OMG551_EXAM_MODULE_0007,module_table,VGSSY,VGSSY,OMG551,Omvårdnad vid komplexa vårdbehov I samt introduktion till självständigt arbete i omvårdnad,0007,"Seminarium, individuell bedömning (mål 19)",0.5,7,"Seminarium, individuell bedömning (mål 19)",seminar,UG,19,Kurs5_sskgrund_OMG551.pdf,high,"Derived from module table; module table is treated as authoritative for hp, grading scale and learning-outcome linkage."
VGSSY_OMG551_EXAM_MODULE_0008,module_table,VGSSY,VGSSY,OMG551,Omvårdnad vid komplexa vårdbehov I samt introduktion till självständigt arbete i omvårdnad,0008,"Skriftlig examination, grupp med individuell bedömning (mål 20)",3.0,8,"Skriftlig examination, grupp med individuell bedömning (mål 20)",written,UG,20,Kurs5_sskgrund_OMG551.pdf,high,"Derived from module table; module table is treated as authoritative for hp, grading scale and learning-outcome linkage."
VGSSY_OMG551_EXAM_MODULE_0009,module_table,VGSSY,VGSSY,OMG551,Omvårdnad vid komplexa vårdbehov I samt introduktion till självständigt arbete i omvårdnad,0009,"Seminarium, individuell bedömning (mål 27)",0.5,9,"Seminarium, individuell bedömning (mål 27)",seminar,UG,27,Kurs5_sskgrund_OMG551.pdf,high,"Derived from module table; module table is treated as authoritative for hp, grading scale and learning-outcome linkage."
VGSSY_OMG551_EXAM_MODULE_0010,module_table,VGSSY,VGSSY,OMG551,Omvårdnad vid komplexa vårdbehov I samt introduktion till självständigt arbete i omvårdnad,0010,"Seminarium, individuell bedömning (mål 28)",0.5,10,"Seminarium, individuell bedömning (mål 28)",seminar,UG,28,Kurs5_sskgrund_OMG551.pdf,high,"Derived from module table; module table is treated as authoritative for hp, grading scale and learning-outcome linkage."
VGSSY_OMG551_EXAM_MODULE_0011,module_table,VGSSY,VGSSY,OMG551,Omvårdnad vid komplexa vårdbehov I samt introduktion till självständigt arbete i omvårdnad,0011,"Seminarium, individuell bedömning (mål 29)",1.0,11,"Seminarium, individuell bedömning (mål 29)",seminar,UG,29,Kurs5_sskgrund_OMG551.pdf,high,"Derived from module table; module table is treated as authoritative for hp, grading scale and learning-outcome linkage."
VGSSY_OMG551_EXAM_MODULE_0012,module_table,VGSSY,VGSSY,OMG551,Omvårdnad vid komplexa vårdbehov I samt introduktion till självständigt arbete i omvårdnad,0012,"Muntlig gruppresentation av uppgift, individuell bedömning samt skriftlig examination, grupp med individuell bedömning (mål 30)",1.5,12,"Muntlig gruppresentation av uppgift, individuell bedömning samt skriftlig examination, grupp med individuell bedömning (mål 30)",written|oral,UG,30,Kurs5_sskgrund_OMG551.pdf,high,"Derived from module table; module table is treated as authoritative for hp, grading scale and learning-outcome linkage."
VGSSY_OMG551_EXAM_MODULE_0013,module_table,VGSSY,VGSSY,OMG551,Omvårdnad vid komplexa vårdbehov I samt introduktion till självständigt arbete i omvårdnad,0013,"Seminarium, individuell bedömning (mål 31)",0.5,13,"Seminarium, individuell bedömning (mål 31)",seminar,UG,31,Kurs5_sskgrund_OMG551.pdf,high,"Derived from module table; module table is treated as authoritative for hp, grading scale and learning-outcome linkage."
VGSSY_OMG551_EXAM_MODULE_0014,module_table,VGSSY,VGSSY,OMG551,Omvårdnad vid komplexa vårdbehov I samt introduktion till självständigt arbete i omvårdnad,0014,"Skriftlig examination, individuell (mål 32)",2.5,14,"Skriftlig examination, individuell (mål 32)",written,UV,32,Kurs5_sskgrund_OMG551.pdf,high,"Derived from module table; module table is treated as authoritative for hp, grading scale and learning-outcome linkage."
VGSSY_OMG551_EXAM_MODULE_0015,module_table,VGSSY,VGSSY,OMG551,Omvårdnad vid komplexa vårdbehov I samt introduktion till självständigt arbete i omvårdnad,0015,"Seminarium, individuell bedömning (mål 33)",1.0,15,"Seminarium, individuell bedömning (mål 33)",seminar,UG,33,Kurs5_sskgrund_OMG551.pdf,high,"Derived from module table; module table is treated as authoritative for hp, grading scale and learning-outcome linkage."
VGSSY_OMG805_EXAM_MODULE_0001,module_table,VGSSY,VGSSY,OMG805,Självständigt arbete (examensarbete) i omvårdnad,0001,"Självständigt arbete, individuell bedömning (lärandemål 1-13)",15.0,1,"Självständigt arbete, individuell bedömning (lärandemål 1-13)",other,UV,1-13,Kurs6_sskgrund_OMG805.pdf,high,"Derived from module table; module table is treated as authoritative for hp, grading scale and learning-outcome linkage."
