outcome_id,program_uid,education_plan_uid,course_code,course_name_sv,outcome_order,outcome_category_if_stated,text_exact,verb_or_action,source_file,confidence,notes
VGSSY_MVG201_LO_01,VGSSY,VGSSY,MVG201,Introduktion till omvårdnad som arbetsområde och vetenskap samt fysiologi och anatomi del I,1,Kunskap och förståelse,"identifiera grundläggande etiska värden, principer och begrepp",identifiera,Kurs1_sskgrund_MVG201.pdf,high,
VGSSY_MVG201_LO_02,VGSSY,VGSSY,MVG201,Introduktion till omvårdnad som arbetsområde och vetenskap samt fysiologi och anatomi del I,2,Kunskap och förståelse,beskriva organisering av svensk hälso- och sjukvård samt omsorg,beskriva,Kurs1_sskgrund_MVG201.pdf,high,
VGSSY_MVG201_LO_03,VGSSY,VGSSY,MVG201,Introduktion till omvårdnad som arbetsområde och vetenskap samt fysiologi och anatomi del I,3,Kunskap och förståelse,beskriva innehåll i författningar relaterade till hälso- och sjukvård samt mänskliga rättigheter,beskriva,Kurs1_sskgrund_MVG201.pdf,high,
VGSSY_MVG201_LO_04,VGSSY,VGSSY,MVG201,Introduktion till omvårdnad som arbetsområde och vetenskap samt fysiologi och anatomi del I,4,Kunskap och förståelse,förklara vetenskapliga artiklars struktur samt kvalitativ respektive kvantitativ forskningsansats,förklara,Kurs1_sskgrund_MVG201.pdf,high,
VGSSY_MVG201_LO_05,VGSSY,VGSSY,MVG201,Introduktion till omvårdnad som arbetsområde och vetenskap samt fysiologi och anatomi del I,5,Kunskap och förståelse,förklara grundläggande utvecklingspsykologi med fokus på den vuxna och åldrande människan 2026-03-18 11:38 MVG201 https://edu.hig.se/docs/sv/syllabus/course/MVG201?valid-from=2024-09-02 1/6,förklara,Kurs1_sskgrund_MVG201.pdf,high,
VGSSY_MVG201_LO_06,VGSSY,VGSSY,MVG201,Introduktion till omvårdnad som arbetsområde och vetenskap samt fysiologi och anatomi del I,6,Kunskap och förståelse,redogöra för människokroppens grundläggande anatomi och fysiologi,redogöra,Kurs1_sskgrund_MVG201.pdf,high,
VGSSY_MVG201_LO_07,VGSSY,VGSSY,MVG201,Introduktion till omvårdnad som arbetsområde och vetenskap samt fysiologi och anatomi del I,7,Kunskap och förståelse,beskriva samspel inom och mellan kroppens organsystem,beskriva,Kurs1_sskgrund_MVG201.pdf,high,
VGSSY_MVG201_LO_08,VGSSY,VGSSY,MVG201,Introduktion till omvårdnad som arbetsområde och vetenskap samt fysiologi och anatomi del I,8,Kunskap och förståelse,"förklara grundläggande mikrobiologi, immunologi samt vårdhygienens betydelse för att förebygga infektioner",förklara,Kurs1_sskgrund_MVG201.pdf,high,
VGSSY_MVG201_LO_09,VGSSY,VGSSY,MVG201,Introduktion till omvårdnad som arbetsområde och vetenskap samt fysiologi och anatomi del I,9,Kunskap och förståelse,beskriva miljöaspekter i relation till läkemedelsanvändning samt vanliga engångsmaterial,beskriva,Kurs1_sskgrund_MVG201.pdf,high,
VGSSY_MVG201_LO_10,VGSSY,VGSSY,MVG201,Introduktion till omvårdnad som arbetsområde och vetenskap samt fysiologi och anatomi del I,10,Kunskap och förståelse,förklara grundläggande farmakologiska begrepp och principer,förklara,Kurs1_sskgrund_MVG201.pdf,high,
VGSSY_MVG201_LO_11,VGSSY,VGSSY,MVG201,Introduktion till omvårdnad som arbetsområde och vetenskap samt fysiologi och anatomi del I,11,Kunskap och förståelse,förklara principerna för vetenskaplig evidens,förklara,Kurs1_sskgrund_MVG201.pdf,high,
VGSSY_MVG201_LO_12,VGSSY,VGSSY,MVG201,Introduktion till omvårdnad som arbetsområde och vetenskap samt fysiologi och anatomi del I,12,Färdighet och förmåga,inta patientens och vårdarens perspektiv vid grundläggande omvårdnad,inta,Kurs1_sskgrund_MVG201.pdf,high,
VGSSY_MVG201_LO_13,VGSSY,VGSSY,MVG201,Introduktion till omvårdnad som arbetsområde och vetenskap samt fysiologi och anatomi del I,13,Färdighet och förmåga,"identifiera vanliga material vid såromläggning, hjälpmedel vid urin- och avföringsinkontinens samt material vid katetrisering av urinblåsa samt läkemedels olika beredningsformer och administreringssätt",identifiera,Kurs1_sskgrund_MVG201.pdf,high,
VGSSY_MVG201_LO_14,VGSSY,VGSSY,MVG201,Introduktion till omvårdnad som arbetsområde och vetenskap samt fysiologi och anatomi del I,14,Färdighet och förmåga,"tillämpa metoder och anvisningar i Vårdhandboken, förflyttningsteknik, puls- och blodtrycksmätning, basal hjärt- och lungräddning (HLR) för vuxen samt läkemedelsordinationer i enlighet med evidensbaserat metod- och kunskapsstöd",tillämpa,Kurs1_sskgrund_MVG201.pdf,high,
VGSSY_MVG201_LO_15,VGSSY,VGSSY,MVG201,Introduktion till omvårdnad som arbetsområde och vetenskap samt fysiologi och anatomi del I,15,Färdighet och förmåga,visa hur kommunikation och bemötande av personer kan behöva anpassas utifrån funktioner i sinnesorganen,visa,Kurs1_sskgrund_MVG201.pdf,high,
VGSSY_MVG201_LO_16,VGSSY,VGSSY,MVG201,Introduktion till omvårdnad som arbetsområde och vetenskap samt fysiologi och anatomi del I,16,Färdighet och förmåga,tillämpa basala hygienrutiner samt klädregler korrekt i enlighet med evidensbaserat metod- och kunskapsstöd,tillämpa,Kurs1_sskgrund_MVG201.pdf,high,
VGSSY_MVG201_LO_17,VGSSY,VGSSY,MVG201,Introduktion till omvårdnad som arbetsområde och vetenskap samt fysiologi och anatomi del I,17,Färdighet och förmåga,beräkna dos och tillämpa sortomvandling på grundläggande nivå avseende läkemedel,beräkna,Kurs1_sskgrund_MVG201.pdf,high,
VGSSY_MVG201_LO_18,VGSSY,VGSSY,MVG201,Introduktion till omvårdnad som arbetsområde och vetenskap samt fysiologi och anatomi del I,18,Färdighet och förmåga,tillämpa vetenskapligt förhållningssätt vid skrivande,tillämpa,Kurs1_sskgrund_MVG201.pdf,high,
VGSSY_MVG201_LO_19,VGSSY,VGSSY,MVG201,Introduktion till omvårdnad som arbetsområde och vetenskap samt fysiologi och anatomi del I,19,Värderingsförmåga och förhållningssätt,reflektera kring sjuksköterskans profession och huvudområde omvårdnad,reflektera,Kurs1_sskgrund_MVG201.pdf,high,
VGSSY_MVG201_LO_20,VGSSY,VGSSY,MVG201,Introduktion till omvårdnad som arbetsområde och vetenskap samt fysiologi och anatomi del I,20,Värderingsförmåga och förhållningssätt,relatera upplevda kliniska händelser till teoretiska begrepp,relatera,Kurs1_sskgrund_MVG201.pdf,high,
VGSSY_MVG201_LO_21,VGSSY,VGSSY,MVG201,Introduktion till omvårdnad som arbetsområde och vetenskap samt fysiologi och anatomi del I,21,Värderingsförmåga och förhållningssätt,reflektera kring etiskt och personcentrerat förhållningssätt utifrån upplevda kliniska händelser,reflektera,Kurs1_sskgrund_MVG201.pdf,high,
VGSSY_MVG201_LO_22,VGSSY,VGSSY,MVG201,Introduktion till omvårdnad som arbetsområde och vetenskap samt fysiologi och anatomi del I,22,Värderingsförmåga och förhållningssätt,reflektera kring empatisk förmåga samt självkännedom i relation till upplevda kliniska händelser,reflektera,Kurs1_sskgrund_MVG201.pdf,high,
VGSSY_OMG401_LO_01,VGSSY,VGSSY,OMG401,Omvårdnad vid vanligt förekommande sjukdomstillstånd samt fysiologi och anatomi del II,1,Kunskap och förståelse,diskutera författningar relevanta för sjuksköterskans arbetsområde,diskutera,Kurs2_sskgrund_OMG401.pdf,high,
VGSSY_OMG401_LO_02,VGSSY,VGSSY,OMG401,Omvårdnad vid vanligt förekommande sjukdomstillstånd samt fysiologi och anatomi del II,2,Kunskap och förståelse,"identifiera behov av samt redogöra för grundläggande omvårdnad med utgångspunkt i omvårdnadsprocessen, evidensbaserade åtgärder och relevanta författningar",identifiera,Kurs2_sskgrund_OMG401.pdf,high,
VGSSY_OMG401_LO_03,VGSSY,VGSSY,OMG401,Omvårdnad vid vanligt förekommande sjukdomstillstånd samt fysiologi och anatomi del II,3,Kunskap och förståelse,sammanfatta erfarenheter av kommunikation och patientundervisning samt relatera dessa till teoretisk kunskap och olika pedagogiska traditioner,sammanfatta,Kurs2_sskgrund_OMG401.pdf,high,
VGSSY_OMG401_LO_04,VGSSY,VGSSY,OMG401,Omvårdnad vid vanligt förekommande sjukdomstillstånd samt fysiologi och anatomi del II,4,Kunskap och förståelse,"identifiera behov av samt redogöra för grundläggande omvårdnad med utgångspunkt i omvårdnadsprocessen, personcentrerad vård samt hälsofrämjande arbete 2026-03-18 11:39 OMG401 https://edu.hig.se/docs/sv/syllabus/course/OMG401?valid-from=2026-01-19 1/6",identifiera,Kurs2_sskgrund_OMG401.pdf,high,
VGSSY_OMG401_LO_05,VGSSY,VGSSY,OMG401,Omvårdnad vid vanligt förekommande sjukdomstillstånd samt fysiologi och anatomi del II,5,Kunskap och förståelse,"redogöra för sjuksköterskans profession med utgångspunkt i omvårdnadsprocessen, omvårdnadsteorier, god och säker vård, teamsamverkan samt sjuksköterskans ledarskap i vårdnära situationer",redogöra,Kurs2_sskgrund_OMG401.pdf,high,
VGSSY_OMG401_LO_06,VGSSY,VGSSY,OMG401,Omvårdnad vid vanligt förekommande sjukdomstillstånd samt fysiologi och anatomi del II,6,Kunskap och förståelse,identifiera och diskutera etiskt problematiska situationer på ett allsidigt och reflekterande sätt samt avväga och prioritera mellan de värden som står på spel,identifiera,Kurs2_sskgrund_OMG401.pdf,high,
VGSSY_OMG401_LO_07,VGSSY,VGSSY,OMG401,Omvårdnad vid vanligt förekommande sjukdomstillstånd samt fysiologi och anatomi del II,7,Kunskap och förståelse,"beskriva anatomisk uppbyggnad av samt redogöra för fysiologiska funktioner avseende respirationssystemet, matspjälkningssystemet, njurar, urinvägar och det endokrina systemet",beskriva,Kurs2_sskgrund_OMG401.pdf,high,
VGSSY_OMG401_LO_08,VGSSY,VGSSY,OMG401,Omvårdnad vid vanligt förekommande sjukdomstillstånd samt fysiologi och anatomi del II,8,Kunskap och förståelse,beskriva anatomisk uppbyggnad av samt redogöra för fysiologiska funktioner avseende reproduktionssystemet,beskriva,Kurs2_sskgrund_OMG401.pdf,high,
VGSSY_OMG401_LO_09,VGSSY,VGSSY,OMG401,Omvårdnad vid vanligt förekommande sjukdomstillstånd samt fysiologi och anatomi del II,9,Kunskap och förståelse,redogöra för och diskutera uppbyggnad av och samspel inom och mellan kroppens olika organsystem samt förklara centrala fysiologiska processer kopplat till hälsa och ohälsa,redogöra,Kurs2_sskgrund_OMG401.pdf,high,
VGSSY_OMG401_LO_10,VGSSY,VGSSY,OMG401,Omvårdnad vid vanligt förekommande sjukdomstillstånd samt fysiologi och anatomi del II,10,Kunskap och förståelse,förklara en omvårdnadsteoris och/eller -modells relation till omvårdnadens bärande begrepp samt omvårdnadsteoriers/-modellers relevans i klinisk verksamhet,förklara,Kurs2_sskgrund_OMG401.pdf,high,
VGSSY_OMG401_LO_11,VGSSY,VGSSY,OMG401,Omvårdnad vid vanligt förekommande sjukdomstillstånd samt fysiologi och anatomi del II,11,Kunskap och förståelse,förklara och använda grundläggande vetenskapliga och statistiska begrepp,förklara,Kurs2_sskgrund_OMG401.pdf,high,
VGSSY_OMG401_LO_12,VGSSY,VGSSY,OMG401,Omvårdnad vid vanligt förekommande sjukdomstillstånd samt fysiologi och anatomi del II,12,Kunskap och förståelse,identifiera och redogöra för hur klinisk omvårdnad förhåller sig till de delar som ingår i evidensbaserad omvårdnad,identifiera,Kurs2_sskgrund_OMG401.pdf,high,
VGSSY_OMG401_LO_13,VGSSY,VGSSY,OMG401,Omvårdnad vid vanligt förekommande sjukdomstillstånd samt fysiologi och anatomi del II,13,Kunskap och förståelse,"redogöra för medicinsktekniskt moment utifrån författningar, procedurer och skötsel med beaktande av ett etiskt förhållningssätt",redogöra,Kurs2_sskgrund_OMG401.pdf,high,
VGSSY_OMG401_LO_14,VGSSY,VGSSY,OMG401,Omvårdnad vid vanligt förekommande sjukdomstillstånd samt fysiologi och anatomi del II,14,Färdighet och förmåga,tillämpa god kommunikation i mötet med patient och närstående samt kunna ge anpassad information gällande grundläggande omvårdnad,tillämpa,Kurs2_sskgrund_OMG401.pdf,high,
VGSSY_OMG401_LO_15,VGSSY,VGSSY,OMG401,Omvårdnad vid vanligt förekommande sjukdomstillstånd samt fysiologi och anatomi del II,15,Färdighet och förmåga,"tillämpa omvårdnadsprocessens samtliga steg (bedöma, identifiera, planera, prioritera, utföra och följa upp vård samt rapportera och dokumentera) i grundläggande omvårdnad",tillämpa,Kurs2_sskgrund_OMG401.pdf,high,
VGSSY_OMG401_LO_16,VGSSY,VGSSY,OMG401,Omvårdnad vid vanligt förekommande sjukdomstillstånd samt fysiologi och anatomi del II,16,Färdighet och förmåga,"följa ordination, iordningsställa och administrera/överlämna läkemedel",följa,Kurs2_sskgrund_OMG401.pdf,high,
VGSSY_OMG401_LO_17,VGSSY,VGSSY,OMG401,Omvårdnad vid vanligt förekommande sjukdomstillstånd samt fysiologi och anatomi del II,17,Färdighet och förmåga,medverka vid och genomföra undersökningar och behandlingar,medverka,Kurs2_sskgrund_OMG401.pdf,high,
VGSSY_OMG401_LO_18,VGSSY,VGSSY,OMG401,Omvårdnad vid vanligt förekommande sjukdomstillstånd samt fysiologi och anatomi del II,18,Färdighet och förmåga,samverka med och informera teamet runt patienten samt olika yrkesgrupper inom och utanför verksamheten utifrån patientens behov av grundläggande omvårdnad,samverka,Kurs2_sskgrund_OMG401.pdf,high,
VGSSY_OMG401_LO_19,VGSSY,VGSSY,OMG401,Omvårdnad vid vanligt förekommande sjukdomstillstånd samt fysiologi och anatomi del II,19,Färdighet och förmåga,"planera, prioritera, samordna och följa upp patientens grundläggande omvårdnadsbehov","planera,",Kurs2_sskgrund_OMG401.pdf,high,
VGSSY_OMG401_LO_20,VGSSY,VGSSY,OMG401,Omvårdnad vid vanligt förekommande sjukdomstillstånd samt fysiologi och anatomi del II,20,Färdighet och förmåga,visa och ta initiativ inom sjuksköterskans ansvarsområde gällande grundläggande omvårdnad samt motivera sitt handlande,visa,Kurs2_sskgrund_OMG401.pdf,high,
VGSSY_OMG401_LO_21,VGSSY,VGSSY,OMG401,Omvårdnad vid vanligt förekommande sjukdomstillstånd samt fysiologi och anatomi del II,21,Färdighet och förmåga,"utifrån en simulerad vårdsituation, identifiera en patients grundläggande omvårdnadsproblem genom lämplig kommunikationsstrategi, ge anpassad information samt ge förslag på adekvata omvårdnadsåtgärder",utifrån,Kurs2_sskgrund_OMG401.pdf,high,
VGSSY_OMG401_LO_22,VGSSY,VGSSY,OMG401,Omvårdnad vid vanligt förekommande sjukdomstillstånd samt fysiologi och anatomi del II,22,Färdighet och förmåga,"utföra kapillär och venös provtagning, subkutana injektioner samt insättning av perifer venkateter i enlighet med evidensbaserat metod- och kunskapsstöd 2026-03-18 11:39 OMG401 https://edu.hig.se/docs/sv/syllabus/course/OMG401?valid-from=2026-01-19 2/6",utföra,Kurs2_sskgrund_OMG401.pdf,high,
VGSSY_OMG401_LO_23,VGSSY,VGSSY,OMG401,Omvårdnad vid vanligt förekommande sjukdomstillstånd samt fysiologi och anatomi del II,23,Färdighet och förmåga,"utföra kateterisering av urinblåsa och sköta katetrar i urinblåsan, utföra grundläggande sårvård och syrgasbehandling i enlighet med evidensbaserat metod- och kunskapsstöd",utföra,Kurs2_sskgrund_OMG401.pdf,high,
VGSSY_OMG401_LO_24,VGSSY,VGSSY,OMG401,Omvårdnad vid vanligt förekommande sjukdomstillstånd samt fysiologi och anatomi del II,24,Färdighet och förmåga,"tillämpa läkemedelsräkning avseende spädning, infusion, dos, styrka samt gas",tillämpa,Kurs2_sskgrund_OMG401.pdf,high,
VGSSY_OMG401_LO_25,VGSSY,VGSSY,OMG401,Omvårdnad vid vanligt förekommande sjukdomstillstånd samt fysiologi och anatomi del II,25,Värderingsförmåga och förhållningssätt,tillämpa evidensbaserad samt god och säker vård utifrån gällande författningar och styrdokument samt visa sitt kunnande i handlingsberedskap i grundläggande omvårdnad,tillämpa,Kurs2_sskgrund_OMG401.pdf,high,
VGSSY_OMG401_LO_26,VGSSY,VGSSY,OMG401,Omvårdnad vid vanligt förekommande sjukdomstillstånd samt fysiologi och anatomi del II,26,Värderingsförmåga och förhållningssätt,"visa förmåga till ett professionellt, personcentrerat, empatiskt och hälsofrämjande förhållningssätt i samverkan med såväl olika yrkesgrupper som patienter och närstående",visa,Kurs2_sskgrund_OMG401.pdf,high,
VGSSY_OMG401_LO_27,VGSSY,VGSSY,OMG401,Omvårdnad vid vanligt förekommande sjukdomstillstånd samt fysiologi och anatomi del II,27,Värderingsförmåga och förhållningssätt,visa självkännedom i den egna professionella kompetensen samt kunna identifiera sitt behov av ytterligare kunskap för att fortlöpande utveckla sin professionella kompetens inom grundläggande omvårdnad,visa,Kurs2_sskgrund_OMG401.pdf,high,
VGSSY_OMG402_LO_01,VGSSY,VGSSY,OMG402,"Specifik omvårdnad vid folksjukdomar, pediatrik, sexuell- och reproduktiv hälsa",1,Kunskap och förståelse,förklara grundläggande begrepp inom folkhälsa,förklara,p_21_3REV kp Specifik omvaÂ°rdnad vid folksjukdomar pediatrik sexuell- och reproduktiv haÂ¨lsa _ 30 hp _ OMG402 _ KomplettKurs grundnivaÂ°.docx,high_order_inferred_from_docx_list_numbering,DOCX plain-text extraction omits visible numbering; outcome_order assigned by list order.
VGSSY_OMG402_LO_02,VGSSY,VGSSY,OMG402,"Specifik omvårdnad vid folksjukdomar, pediatrik, sexuell- och reproduktiv hälsa",2,Kunskap och förståelse,beskriva faktorer i samhället som påverkar folkhälsan och hälsoutvecklingen hos befolkningen samt förklara hur hälsofrämjande och sjukdomsförebyggande insatser kan tillämpas på individ- och gruppnivå,beskriva,p_21_3REV kp Specifik omvaÂ°rdnad vid folksjukdomar pediatrik sexuell- och reproduktiv haÂ¨lsa _ 30 hp _ OMG402 _ KomplettKurs grundnivaÂ°.docx,high_order_inferred_from_docx_list_numbering,DOCX plain-text extraction omits visible numbering; outcome_order assigned by list order.
VGSSY_OMG402_LO_03,VGSSY,VGSSY,OMG402,"Specifik omvårdnad vid folksjukdomar, pediatrik, sexuell- och reproduktiv hälsa",3,Kunskap och förståelse,"förklara patofysiologi, symtom och diagnos samt motivera vård och behandling vid vanligt förekommande folksjukdomar och folkhälsoproblem",förklara,p_21_3REV kp Specifik omvaÂ°rdnad vid folksjukdomar pediatrik sexuell- och reproduktiv haÂ¨lsa _ 30 hp _ OMG402 _ KomplettKurs grundnivaÂ°.docx,high_order_inferred_from_docx_list_numbering,DOCX plain-text extraction omits visible numbering; outcome_order assigned by list order.
VGSSY_OMG402_LO_04,VGSSY,VGSSY,OMG402,"Specifik omvårdnad vid folksjukdomar, pediatrik, sexuell- och reproduktiv hälsa",4,Kunskap och förståelse,reflektera kring smärtanalys och vård vid behandling av smärta,reflektera,p_21_3REV kp Specifik omvaÂ°rdnad vid folksjukdomar pediatrik sexuell- och reproduktiv haÂ¨lsa _ 30 hp _ OMG402 _ KomplettKurs grundnivaÂ°.docx,high_order_inferred_from_docx_list_numbering,DOCX plain-text extraction omits visible numbering; outcome_order assigned by list order.
VGSSY_OMG402_LO_05,VGSSY,VGSSY,OMG402,"Specifik omvårdnad vid folksjukdomar, pediatrik, sexuell- och reproduktiv hälsa",5,Kunskap och förståelse,"förklara definitioner, centrala begrepp, författningar, handlingsplaner samt organisering för säker vård",förklara,p_21_3REV kp Specifik omvaÂ°rdnad vid folksjukdomar pediatrik sexuell- och reproduktiv haÂ¨lsa _ 30 hp _ OMG402 _ KomplettKurs grundnivaÂ°.docx,high_order_inferred_from_docx_list_numbering,DOCX plain-text extraction omits visible numbering; outcome_order assigned by list order.
VGSSY_OMG402_LO_06,VGSSY,VGSSY,OMG402,"Specifik omvårdnad vid folksjukdomar, pediatrik, sexuell- och reproduktiv hälsa",6,Kunskap och förståelse,"beskriva processers, ledarskapets, teamets och organisationens betydelse för säker vård",beskriva,p_21_3REV kp Specifik omvaÂ°rdnad vid folksjukdomar pediatrik sexuell- och reproduktiv haÂ¨lsa _ 30 hp _ OMG402 _ KomplettKurs grundnivaÂ°.docx,high_order_inferred_from_docx_list_numbering,DOCX plain-text extraction omits visible numbering; outcome_order assigned by list order.
VGSSY_OMG402_LO_07,VGSSY,VGSSY,OMG402,"Specifik omvårdnad vid folksjukdomar, pediatrik, sexuell- och reproduktiv hälsa",7,Kunskap och förståelse,"redogöra för samspelet mellan människa, teknik, organisation och information",redogöra,p_21_3REV kp Specifik omvaÂ°rdnad vid folksjukdomar pediatrik sexuell- och reproduktiv haÂ¨lsa _ 30 hp _ OMG402 _ KomplettKurs grundnivaÂ°.docx,high_order_inferred_from_docx_list_numbering,DOCX plain-text extraction omits visible numbering; outcome_order assigned by list order.
VGSSY_OMG402_LO_08,VGSSY,VGSSY,OMG402,"Specifik omvårdnad vid folksjukdomar, pediatrik, sexuell- och reproduktiv hälsa",8,Kunskap och förståelse,"identifiera tecken på mäns våld mot kvinnor och våld i nära relationer, kunna beskriva våldets möjliga orsaker och konsekvenser samt relatera till gällande lagstiftning och riktlinjer inom området",identifiera,p_21_3REV kp Specifik omvaÂ°rdnad vid folksjukdomar pediatrik sexuell- och reproduktiv haÂ¨lsa _ 30 hp _ OMG402 _ KomplettKurs grundnivaÂ°.docx,high_order_inferred_from_docx_list_numbering,DOCX plain-text extraction omits visible numbering; outcome_order assigned by list order.
VGSSY_OMG402_LO_09,VGSSY,VGSSY,OMG402,"Specifik omvårdnad vid folksjukdomar, pediatrik, sexuell- och reproduktiv hälsa",9,Kunskap och förståelse,redogöra för och reflektera över genusperspektiv och hur det kan påverka folkhälsa,redogöra,p_21_3REV kp Specifik omvaÂ°rdnad vid folksjukdomar pediatrik sexuell- och reproduktiv haÂ¨lsa _ 30 hp _ OMG402 _ KomplettKurs grundnivaÂ°.docx,high_order_inferred_from_docx_list_numbering,DOCX plain-text extraction omits visible numbering; outcome_order assigned by list order.
VGSSY_OMG402_LO_10,VGSSY,VGSSY,OMG402,"Specifik omvårdnad vid folksjukdomar, pediatrik, sexuell- och reproduktiv hälsa",10,Kunskap och förståelse,redogöra för och reflektera över professionsetikens uttryck och betydelse i patientmötet inom primärvård,redogöra,p_21_3REV kp Specifik omvaÂ°rdnad vid folksjukdomar pediatrik sexuell- och reproduktiv haÂ¨lsa _ 30 hp _ OMG402 _ KomplettKurs grundnivaÂ°.docx,high_order_inferred_from_docx_list_numbering,DOCX plain-text extraction omits visible numbering; outcome_order assigned by list order.
VGSSY_OMG402_LO_11,VGSSY,VGSSY,OMG402,"Specifik omvårdnad vid folksjukdomar, pediatrik, sexuell- och reproduktiv hälsa",11,Kunskap och förståelse,"beskriva barns och ungdomars biologiska och psykologiska utveckling samt förklara patofysiologi, symtom, diagnos, vård och behandling vid vanligt förekommande pediatriska sjukdomstillstånd",beskriva,p_21_3REV kp Specifik omvaÂ°rdnad vid folksjukdomar pediatrik sexuell- och reproduktiv haÂ¨lsa _ 30 hp _ OMG402 _ KomplettKurs grundnivaÂ°.docx,high_order_inferred_from_docx_list_numbering,DOCX plain-text extraction omits visible numbering; outcome_order assigned by list order.
VGSSY_OMG402_LO_12,VGSSY,VGSSY,OMG402,"Specifik omvårdnad vid folksjukdomar, pediatrik, sexuell- och reproduktiv hälsa",12,Kunskap och förståelse,"beskriva kvinnans och mannens livscykler samt förklara patofysiologi, symtom, diagnos, vård och behandling för vanligt förekommande gynekologiska sjukdomstillstånd liksom obstetriska och andrologiska tillstånd",beskriva,p_21_3REV kp Specifik omvaÂ°rdnad vid folksjukdomar pediatrik sexuell- och reproduktiv haÂ¨lsa _ 30 hp _ OMG402 _ KomplettKurs grundnivaÂ°.docx,high_order_inferred_from_docx_list_numbering,DOCX plain-text extraction omits visible numbering; outcome_order assigned by list order.
VGSSY_OMG402_LO_13,VGSSY,VGSSY,OMG402,"Specifik omvårdnad vid folksjukdomar, pediatrik, sexuell- och reproduktiv hälsa",13,Kunskap och förståelse,"förklara patofysiologi, symtom, diagnos, vård och behandling vid psykisk ohälsa och psykiska sjukdomar",förklara,p_21_3REV kp Specifik omvaÂ°rdnad vid folksjukdomar pediatrik sexuell- och reproduktiv haÂ¨lsa _ 30 hp _ OMG402 _ KomplettKurs grundnivaÂ°.docx,high_order_inferred_from_docx_list_numbering,DOCX plain-text extraction omits visible numbering; outcome_order assigned by list order.
VGSSY_OMG402_LO_14,VGSSY,VGSSY,OMG402,"Specifik omvårdnad vid folksjukdomar, pediatrik, sexuell- och reproduktiv hälsa",14,Kunskap och förståelse,"förklara generella principer för läkemedelsinteraktioner och biverkningar samt utifrån farmakokinetiska och farmadynaminska principer förklara hur läkemedelsbehandling av barn, gravida och ammande bör anpassas",förklara,p_21_3REV kp Specifik omvaÂ°rdnad vid folksjukdomar pediatrik sexuell- och reproduktiv haÂ¨lsa _ 30 hp _ OMG402 _ KomplettKurs grundnivaÂ°.docx,high_order_inferred_from_docx_list_numbering,DOCX plain-text extraction omits visible numbering; outcome_order assigned by list order.
VGSSY_OMG402_LO_15,VGSSY,VGSSY,OMG402,"Specifik omvårdnad vid folksjukdomar, pediatrik, sexuell- och reproduktiv hälsa",15,Färdighet och förmåga,"argumentera för betydelsen av egenvård vid långvarig ohälsa samt hur livsstil, känsla av sammanhang (KASAM), empowerment och copingstrategier kan tillämpas för att förbättra patientens livskvalitet",argumentera,p_21_3REV kp Specifik omvaÂ°rdnad vid folksjukdomar pediatrik sexuell- och reproduktiv haÂ¨lsa _ 30 hp _ OMG402 _ KomplettKurs grundnivaÂ°.docx,high_order_inferred_from_docx_list_numbering,DOCX plain-text extraction omits visible numbering; outcome_order assigned by list order.
VGSSY_OMG402_LO_16,VGSSY,VGSSY,OMG402,"Specifik omvårdnad vid folksjukdomar, pediatrik, sexuell- och reproduktiv hälsa",16,Färdighet och förmåga,identifiera och värdera symtom samt i diskussion föreslå egenvårdsåtgärder vid vanligt förekommande folksjukdomar och folkhälsoproblem,identifiera,p_21_3REV kp Specifik omvaÂ°rdnad vid folksjukdomar pediatrik sexuell- och reproduktiv haÂ¨lsa _ 30 hp _ OMG402 _ KomplettKurs grundnivaÂ°.docx,high_order_inferred_from_docx_list_numbering,DOCX plain-text extraction omits visible numbering; outcome_order assigned by list order.
VGSSY_OMG402_LO_17,VGSSY,VGSSY,OMG402,"Specifik omvårdnad vid folksjukdomar, pediatrik, sexuell- och reproduktiv hälsa",17,Färdighet och förmåga,motivera relevanta författningar som kan relateras till patientfall i primärvårdskontext,motivera,p_21_3REV kp Specifik omvaÂ°rdnad vid folksjukdomar pediatrik sexuell- och reproduktiv haÂ¨lsa _ 30 hp _ OMG402 _ KomplettKurs grundnivaÂ°.docx,high_order_inferred_from_docx_list_numbering,DOCX plain-text extraction omits visible numbering; outcome_order assigned by list order.
VGSSY_OMG402_LO_18,VGSSY,VGSSY,OMG402,"Specifik omvårdnad vid folksjukdomar, pediatrik, sexuell- och reproduktiv hälsa",18,Färdighet och förmåga,"utföra intramuskulär injektion, sondinläggning och kompressionslindning samt skötsel av centrala infarter och perkutan endoskopisk gastrostomi (PEG) i enlighet med evidensbaserat metod- och kunskapsstöd",utföra,p_21_3REV kp Specifik omvaÂ°rdnad vid folksjukdomar pediatrik sexuell- och reproduktiv haÂ¨lsa _ 30 hp _ OMG402 _ KomplettKurs grundnivaÂ°.docx,high_order_inferred_from_docx_list_numbering,DOCX plain-text extraction omits visible numbering; outcome_order assigned by list order.
VGSSY_OMG402_LO_19,VGSSY,VGSSY,OMG402,"Specifik omvårdnad vid folksjukdomar, pediatrik, sexuell- och reproduktiv hälsa",19,Färdighet och förmåga,tillämpa god kommunikation i mötet med patient och närstående samt kunna ge anpassad information inom primärvård,tillämpa,p_21_3REV kp Specifik omvaÂ°rdnad vid folksjukdomar pediatrik sexuell- och reproduktiv haÂ¨lsa _ 30 hp _ OMG402 _ KomplettKurs grundnivaÂ°.docx,high_order_inferred_from_docx_list_numbering,DOCX plain-text extraction omits visible numbering; outcome_order assigned by list order.
VGSSY_OMG402_LO_20,VGSSY,VGSSY,OMG402,"Specifik omvårdnad vid folksjukdomar, pediatrik, sexuell- och reproduktiv hälsa",20,Färdighet och förmåga,"tillämpa omvårdnadsprocessens samtliga steg (bedöma, identifiera, planera, prioritera, utföra och följa upp vård samt rapportera och dokumentera) inom primärvård",tillämpa,p_21_3REV kp Specifik omvaÂ°rdnad vid folksjukdomar pediatrik sexuell- och reproduktiv haÂ¨lsa _ 30 hp _ OMG402 _ KomplettKurs grundnivaÂ°.docx,high_order_inferred_from_docx_list_numbering,DOCX plain-text extraction omits visible numbering; outcome_order assigned by list order.
VGSSY_OMG402_LO_21,VGSSY,VGSSY,OMG402,"Specifik omvårdnad vid folksjukdomar, pediatrik, sexuell- och reproduktiv hälsa",21,Färdighet och förmåga,"följa ordination, iordningsställa, bedöma rimlighet av och administrera/överlämna läkemedel samt identifiera läkemedlets verkning och biverkningar inom primärvård",följa,p_21_3REV kp Specifik omvaÂ°rdnad vid folksjukdomar pediatrik sexuell- och reproduktiv haÂ¨lsa _ 30 hp _ OMG402 _ KomplettKurs grundnivaÂ°.docx,high_order_inferred_from_docx_list_numbering,DOCX plain-text extraction omits visible numbering; outcome_order assigned by list order.
VGSSY_OMG402_LO_22,VGSSY,VGSSY,OMG402,"Specifik omvårdnad vid folksjukdomar, pediatrik, sexuell- och reproduktiv hälsa",22,Färdighet och förmåga,"identifiera behov av, planera samt föreslå hälsofrämjande och sjukdomsförebyggande åtgärder för individ och/eller familj inom primärvård",identifiera,p_21_3REV kp Specifik omvaÂ°rdnad vid folksjukdomar pediatrik sexuell- och reproduktiv haÂ¨lsa _ 30 hp _ OMG402 _ KomplettKurs grundnivaÂ°.docx,high_order_inferred_from_docx_list_numbering,DOCX plain-text extraction omits visible numbering; outcome_order assigned by list order.
VGSSY_OMG402_LO_23,VGSSY,VGSSY,OMG402,"Specifik omvårdnad vid folksjukdomar, pediatrik, sexuell- och reproduktiv hälsa",23,Färdighet och förmåga,medverka vid och genomföra undersökningar och behandlingar inom primärvård,medverka,p_21_3REV kp Specifik omvaÂ°rdnad vid folksjukdomar pediatrik sexuell- och reproduktiv haÂ¨lsa _ 30 hp _ OMG402 _ KomplettKurs grundnivaÂ°.docx,high_order_inferred_from_docx_list_numbering,DOCX plain-text extraction omits visible numbering; outcome_order assigned by list order.
VGSSY_OMG402_LO_24,VGSSY,VGSSY,OMG402,"Specifik omvårdnad vid folksjukdomar, pediatrik, sexuell- och reproduktiv hälsa",24,Färdighet och förmåga,samverka med olika yrkesgrupper inom och utanför hälso- och sjukvården i en primärvårdskontext,samverka,p_21_3REV kp Specifik omvaÂ°rdnad vid folksjukdomar pediatrik sexuell- och reproduktiv haÂ¨lsa _ 30 hp _ OMG402 _ KomplettKurs grundnivaÂ°.docx,high_order_inferred_from_docx_list_numbering,DOCX plain-text extraction omits visible numbering; outcome_order assigned by list order.
VGSSY_OMG402_LO_25,VGSSY,VGSSY,OMG402,"Specifik omvårdnad vid folksjukdomar, pediatrik, sexuell- och reproduktiv hälsa",25,Färdighet och förmåga,"planera, prioritera, samordna och följa upp mottagningsarbete inom primärvård","planera,",p_21_3REV kp Specifik omvaÂ°rdnad vid folksjukdomar pediatrik sexuell- och reproduktiv haÂ¨lsa _ 30 hp _ OMG402 _ KomplettKurs grundnivaÂ°.docx,high_order_inferred_from_docx_list_numbering,DOCX plain-text extraction omits visible numbering; outcome_order assigned by list order.
VGSSY_OMG402_LO_26,VGSSY,VGSSY,OMG402,"Specifik omvårdnad vid folksjukdomar, pediatrik, sexuell- och reproduktiv hälsa",26,Färdighet och förmåga,visa och ta initiativ inom primärvårdens och sjuksköterskans ansvarsområde samt motivera sitt handlande,visa,p_21_3REV kp Specifik omvaÂ°rdnad vid folksjukdomar pediatrik sexuell- och reproduktiv haÂ¨lsa _ 30 hp _ OMG402 _ KomplettKurs grundnivaÂ°.docx,high_order_inferred_from_docx_list_numbering,DOCX plain-text extraction omits visible numbering; outcome_order assigned by list order.
VGSSY_OMG402_LO_27,VGSSY,VGSSY,OMG402,"Specifik omvårdnad vid folksjukdomar, pediatrik, sexuell- och reproduktiv hälsa",27,Värderingsförmåga och förhållningssätt,tillämpa evidensbaserad samt god och säker vård utifrån gällande författningar och styrdokument samt visa sitt kunnande i handlingsberedskap inom primärvård,tillämpa,p_21_3REV kp Specifik omvaÂ°rdnad vid folksjukdomar pediatrik sexuell- och reproduktiv haÂ¨lsa _ 30 hp _ OMG402 _ KomplettKurs grundnivaÂ°.docx,high_order_inferred_from_docx_list_numbering,DOCX plain-text extraction omits visible numbering; outcome_order assigned by list order.
VGSSY_OMG402_LO_28,VGSSY,VGSSY,OMG402,"Specifik omvårdnad vid folksjukdomar, pediatrik, sexuell- och reproduktiv hälsa",28,Värderingsförmåga och förhållningssätt,"tillämpa professionellt, personcentrerat, empatiskt och hälsofrämjande förhållningssätt i teamarbete/ samverkan samt gentemot patient och närstående inom primärvård",tillämpa,p_21_3REV kp Specifik omvaÂ°rdnad vid folksjukdomar pediatrik sexuell- och reproduktiv haÂ¨lsa _ 30 hp _ OMG402 _ KomplettKurs grundnivaÂ°.docx,high_order_inferred_from_docx_list_numbering,DOCX plain-text extraction omits visible numbering; outcome_order assigned by list order.
VGSSY_OMG402_LO_29,VGSSY,VGSSY,OMG402,"Specifik omvårdnad vid folksjukdomar, pediatrik, sexuell- och reproduktiv hälsa",29,Värderingsförmåga och förhållningssätt,visa självkännedom i den egna professionella kompetensen samt kunna identifiera sitt behov av ytterligare kunskap för fortlöpande utveckling av sin professionella kompetens i primärvårdskontext,visa,p_21_3REV kp Specifik omvaÂ°rdnad vid folksjukdomar pediatrik sexuell- och reproduktiv haÂ¨lsa _ 30 hp _ OMG402 _ KomplettKurs grundnivaÂ°.docx,high_order_inferred_from_docx_list_numbering,DOCX plain-text extraction omits visible numbering; outcome_order assigned by list order.
VGSSY_OMG402_LO_30,VGSSY,VGSSY,OMG402,"Specifik omvårdnad vid folksjukdomar, pediatrik, sexuell- och reproduktiv hälsa",30,Värderingsförmåga och förhållningssätt,värdera möjligheter och risker med olika informatiklösningar relaterat till primärvård,värdera,p_21_3REV kp Specifik omvaÂ°rdnad vid folksjukdomar pediatrik sexuell- och reproduktiv haÂ¨lsa _ 30 hp _ OMG402 _ KomplettKurs grundnivaÂ°.docx,high_order_inferred_from_docx_list_numbering,DOCX plain-text extraction omits visible numbering; outcome_order assigned by list order.
VGSSY_OMG402_LO_31,VGSSY,VGSSY,OMG402,"Specifik omvårdnad vid folksjukdomar, pediatrik, sexuell- och reproduktiv hälsa",31,Värderingsförmåga och förhållningssätt,reflektera över egna erfarenheter kring likabehandling och jämställdhet inom primärvård,reflektera,p_21_3REV kp Specifik omvaÂ°rdnad vid folksjukdomar pediatrik sexuell- och reproduktiv haÂ¨lsa _ 30 hp _ OMG402 _ KomplettKurs grundnivaÂ°.docx,high_order_inferred_from_docx_list_numbering,DOCX plain-text extraction omits visible numbering; outcome_order assigned by list order.
VGSSY_OMG402_LO_32,VGSSY,VGSSY,OMG402,"Specifik omvårdnad vid folksjukdomar, pediatrik, sexuell- och reproduktiv hälsa",32,Värderingsförmåga och förhållningssätt,"sammanfatta personers upplevelse av hälsa/ohälsa, symtom, stigmatisering och erfarenhet av vård och behandling vid psykisk ohälsa och psykiska sjukdomar",sammanfatta,p_21_3REV kp Specifik omvaÂ°rdnad vid folksjukdomar pediatrik sexuell- och reproduktiv haÂ¨lsa _ 30 hp _ OMG402 _ KomplettKurs grundnivaÂ°.docx,high_order_inferred_from_docx_list_numbering,DOCX plain-text extraction omits visible numbering; outcome_order assigned by list order.
VGSSY_OMG402_LO_33,VGSSY,VGSSY,OMG402,"Specifik omvårdnad vid folksjukdomar, pediatrik, sexuell- och reproduktiv hälsa",33,Värderingsförmåga och förhållningssätt,reflektera över människors livsberättelser och levnadsvillkor samt förklara vad begreppet återhämtning kan innebära vid psykisk ohälsa och psykiska sjukdomar,reflektera,p_21_3REV kp Specifik omvaÂ°rdnad vid folksjukdomar pediatrik sexuell- och reproduktiv haÂ¨lsa _ 30 hp _ OMG402 _ KomplettKurs grundnivaÂ°.docx,high_order_inferred_from_docx_list_numbering,DOCX plain-text extraction omits visible numbering; outcome_order assigned by list order.
VGSSY_OMG403_LO_01,VGSSY,VGSSY,OMG403,"Specifik omvårdnad vid psykisk ohälsa, akuta situationer, av kvinnor och barn samt sjukdomar inom medicin, kirurgi, infektion och geriatrik",1,Kunskap och förståelse,identifiera och beskriva potentiella situationer där hot och våld kan uppstå i en vårdsituation,identifiera,Kurs4_sskgrund_OMG403.pdf,high,
VGSSY_OMG403_LO_02,VGSSY,VGSSY,OMG403,"Specifik omvårdnad vid psykisk ohälsa, akuta situationer, av kvinnor och barn samt sjukdomar inom medicin, kirurgi, infektion och geriatrik",2,Kunskap och förståelse,"förklara patofysiologi, symtom, diagnos, vård och behandling vid vanligt förekommande sjukdomar inom områdena medicin, kirurgi och infektion",förklara,Kurs4_sskgrund_OMG403.pdf,high,
VGSSY_OMG403_LO_03,VGSSY,VGSSY,OMG403,"Specifik omvårdnad vid psykisk ohälsa, akuta situationer, av kvinnor och barn samt sjukdomar inom medicin, kirurgi, infektion och geriatrik",3,Kunskap och förståelse,"redogöra för vårdhygieniska principer att beakta vid vanligt förekommande sjukdomar inom områdena medicin, kirurgi och infektion 2026-03-18 11:40 OMG403 https://edu.hig.se/docs/sv/syllabus/course/OMG403?valid-from=2026-01-19 1/7",redogöra,Kurs4_sskgrund_OMG403.pdf,high,
VGSSY_OMG403_LO_04,VGSSY,VGSSY,OMG403,"Specifik omvårdnad vid psykisk ohälsa, akuta situationer, av kvinnor och barn samt sjukdomar inom medicin, kirurgi, infektion och geriatrik",4,Kunskap och förståelse,förklara den fysiologiska åldrandeprocessen,förklara,Kurs4_sskgrund_OMG403.pdf,high,
VGSSY_OMG403_LO_05,VGSSY,VGSSY,OMG403,"Specifik omvårdnad vid psykisk ohälsa, akuta situationer, av kvinnor och barn samt sjukdomar inom medicin, kirurgi, infektion och geriatrik",5,Kunskap och förståelse,"förklara patofysiologi, symtom, diagnos, vård och behandling vid vanligt förekommande geriatriska sjukdomar samt identifiera tecken på våld i nära relationer hos äldre",förklara,Kurs4_sskgrund_OMG403.pdf,high,
VGSSY_OMG403_LO_06,VGSSY,VGSSY,OMG403,"Specifik omvårdnad vid psykisk ohälsa, akuta situationer, av kvinnor och barn samt sjukdomar inom medicin, kirurgi, infektion och geriatrik",6,Kunskap och förståelse,redogöra för författningar av särskild relevans för äldrevård,redogöra,Kurs4_sskgrund_OMG403.pdf,high,
VGSSY_OMG403_LO_07,VGSSY,VGSSY,OMG403,"Specifik omvårdnad vid psykisk ohälsa, akuta situationer, av kvinnor och barn samt sjukdomar inom medicin, kirurgi, infektion och geriatrik",7,Kunskap och förståelse,förklara centrala principer samt etiska begrepp av särskild relevans för palliativ vård,förklara,Kurs4_sskgrund_OMG403.pdf,high,
VGSSY_OMG403_LO_08,VGSSY,VGSSY,OMG403,"Specifik omvårdnad vid psykisk ohälsa, akuta situationer, av kvinnor och barn samt sjukdomar inom medicin, kirurgi, infektion och geriatrik",8,Kunskap och förståelse,"redogöra för samverkan mellan aktörer på lokal, regional och nationell nivå samt prioriteringar vid allvarliga händelser, enligt riktlinjer i katastrofmedicin",redogöra,Kurs4_sskgrund_OMG403.pdf,high,
VGSSY_OMG403_LO_09,VGSSY,VGSSY,OMG403,"Specifik omvårdnad vid psykisk ohälsa, akuta situationer, av kvinnor och barn samt sjukdomar inom medicin, kirurgi, infektion och geriatrik",9,Kunskap och förståelse,redogöra för författningar med särskild relevans för hemsjukvård,redogöra,Kurs4_sskgrund_OMG403.pdf,high,
VGSSY_OMG403_LO_10,VGSSY,VGSSY,OMG403,"Specifik omvårdnad vid psykisk ohälsa, akuta situationer, av kvinnor och barn samt sjukdomar inom medicin, kirurgi, infektion och geriatrik",10,Kunskap och förståelse,"förklara läkemedelsbehandling av äldre utifrån farmakokinetiska och farmakodynamiska principer, varför vissa läkemedel är olämpliga för äldre samt identifiera läkemedelsrelaterade problem hos äldre",förklara,Kurs4_sskgrund_OMG403.pdf,high,
VGSSY_OMG403_LO_11,VGSSY,VGSSY,OMG403,"Specifik omvårdnad vid psykisk ohälsa, akuta situationer, av kvinnor och barn samt sjukdomar inom medicin, kirurgi, infektion och geriatrik",11,Kunskap och förståelse,"förklara omhändertagande, identifiera och värdera symtom samt föreslå vård och behandling vid akuta pediatriska tillstånd samt identifiera tecken på att barn utsatts för våld eller bevittnat våld i nära relationer",förklara,Kurs4_sskgrund_OMG403.pdf,high,
VGSSY_OMG403_LO_12,VGSSY,VGSSY,OMG403,"Specifik omvårdnad vid psykisk ohälsa, akuta situationer, av kvinnor och barn samt sjukdomar inom medicin, kirurgi, infektion och geriatrik",12,Kunskap och förståelse,redogöra för säker hantering samt förebyggande av risker vid hantering av medicinsktekniska produkter inom akutsjukvård,redogöra,Kurs4_sskgrund_OMG403.pdf,high,
VGSSY_OMG403_LO_13,VGSSY,VGSSY,OMG403,"Specifik omvårdnad vid psykisk ohälsa, akuta situationer, av kvinnor och barn samt sjukdomar inom medicin, kirurgi, infektion och geriatrik",13,Kunskap och förståelse,i samråd med patienten och dess närstående identifiera individuella behov och egna resurser samt föreslå åtgärder enligt omvårdnadsprocessen inom hemsjukvård,i,Kurs4_sskgrund_OMG403.pdf,high,
VGSSY_OMG403_LO_14,VGSSY,VGSSY,OMG403,"Specifik omvårdnad vid psykisk ohälsa, akuta situationer, av kvinnor och barn samt sjukdomar inom medicin, kirurgi, infektion och geriatrik",14,Färdighet och förmåga,"utföra blodtransfusion, blododling, sugning av luftvägar samt munvård i enlighet med evidensbaserat metod- och kunskapsstöd",utföra,Kurs4_sskgrund_OMG403.pdf,high,
VGSSY_OMG403_LO_15,VGSSY,VGSSY,OMG403,"Specifik omvårdnad vid psykisk ohälsa, akuta situationer, av kvinnor och barn samt sjukdomar inom medicin, kirurgi, infektion och geriatrik",15,Färdighet och förmåga,tillämpa god kommunikation i mötet med patient och närstående samt kunna ge anpassad information inom psykiatrisk vård,tillämpa,Kurs4_sskgrund_OMG403.pdf,high,
VGSSY_OMG403_LO_16,VGSSY,VGSSY,OMG403,"Specifik omvårdnad vid psykisk ohälsa, akuta situationer, av kvinnor och barn samt sjukdomar inom medicin, kirurgi, infektion och geriatrik",16,Färdighet och förmåga,"tillämpa omvårdnadsprocessens samtliga steg (bedöma, identifiera, planera, prioritera, utföra och följa upp vård samt rapportera och dokumentera) inom psykiatrisk vård",tillämpa,Kurs4_sskgrund_OMG403.pdf,high,
VGSSY_OMG403_LO_17,VGSSY,VGSSY,OMG403,"Specifik omvårdnad vid psykisk ohälsa, akuta situationer, av kvinnor och barn samt sjukdomar inom medicin, kirurgi, infektion och geriatrik",17,Färdighet och förmåga,"följa ordination, iordningsställa, bedöma rimlighet av och administrera läkemedel samt identifiera verkningsmekanismer och biverkningar av psykofarmaka",följa,Kurs4_sskgrund_OMG403.pdf,high,
VGSSY_OMG403_LO_18,VGSSY,VGSSY,OMG403,"Specifik omvårdnad vid psykisk ohälsa, akuta situationer, av kvinnor och barn samt sjukdomar inom medicin, kirurgi, infektion och geriatrik",18,Färdighet och förmåga,aktivt medverka vid undersökningar och behandlingar inom psykiatrisk vård,aktivt,Kurs4_sskgrund_OMG403.pdf,high,
VGSSY_OMG403_LO_19,VGSSY,VGSSY,OMG403,"Specifik omvårdnad vid psykisk ohälsa, akuta situationer, av kvinnor och barn samt sjukdomar inom medicin, kirurgi, infektion och geriatrik",19,Färdighet och förmåga,samverka med olika yrkesgrupper inom och utanför hälso- och sjukvården i psykiatrisk vårdkontext,samverka,Kurs4_sskgrund_OMG403.pdf,high,
VGSSY_OMG403_LO_20,VGSSY,VGSSY,OMG403,"Specifik omvårdnad vid psykisk ohälsa, akuta situationer, av kvinnor och barn samt sjukdomar inom medicin, kirurgi, infektion och geriatrik",20,Färdighet och förmåga,"planera, prioritera, fördela och följa upp arbetet i omvårdnadsteamet runt personer med psykisk ohälsa","planera,",Kurs4_sskgrund_OMG403.pdf,high,
VGSSY_OMG403_LO_21,VGSSY,VGSSY,OMG403,"Specifik omvårdnad vid psykisk ohälsa, akuta situationer, av kvinnor och barn samt sjukdomar inom medicin, kirurgi, infektion och geriatrik",21,Färdighet och förmåga,"identifiera och redogöra för de pedagogiska frågorna vad, hur och varför relaterat till en psykiatrisk vårdsituation",identifiera,Kurs4_sskgrund_OMG403.pdf,high,
VGSSY_OMG403_LO_22,VGSSY,VGSSY,OMG403,"Specifik omvårdnad vid psykisk ohälsa, akuta situationer, av kvinnor och barn samt sjukdomar inom medicin, kirurgi, infektion och geriatrik",22,Färdighet och förmåga,"identifiera behov av, planera samt föreslå hälsofrämjande och återhämtningsinriktade åtgärder för personer med psykisk ohälsa",identifiera,Kurs4_sskgrund_OMG403.pdf,high,
VGSSY_OMG403_LO_23,VGSSY,VGSSY,OMG403,"Specifik omvårdnad vid psykisk ohälsa, akuta situationer, av kvinnor och barn samt sjukdomar inom medicin, kirurgi, infektion och geriatrik",23,Färdighet och förmåga,"kunna tillämpa läkemedelsberäkning vid vård och behandling av sjukdomar inom områdena medicin, kirurgi och infektion 2026-03-18 11:40 OMG403 https://edu.hig.se/docs/sv/syllabus/course/OMG403?valid-from=2026-01-19 2/7",kunna,Kurs4_sskgrund_OMG403.pdf,high,
VGSSY_OMG403_LO_24,VGSSY,VGSSY,OMG403,"Specifik omvårdnad vid psykisk ohälsa, akuta situationer, av kvinnor och barn samt sjukdomar inom medicin, kirurgi, infektion och geriatrik",24,Färdighet och förmåga,"omhänderta en avliden person med fokus på den avlidnes och de närståendes önskemål utifrån etik, religion, författningar samt vårdhygieniska principer",omhänderta,Kurs4_sskgrund_OMG403.pdf,high,
VGSSY_OMG403_LO_25,VGSSY,VGSSY,OMG403,"Specifik omvårdnad vid psykisk ohälsa, akuta situationer, av kvinnor och barn samt sjukdomar inom medicin, kirurgi, infektion och geriatrik",25,Färdighet och förmåga,"tillämpa omhändertagande vid akuta tillstånd, identifiera och värdera symtom samt föreslå vård och behandling för personer i olika åldrar",tillämpa,Kurs4_sskgrund_OMG403.pdf,high,
VGSSY_OMG403_LO_26,VGSSY,VGSSY,OMG403,"Specifik omvårdnad vid psykisk ohälsa, akuta situationer, av kvinnor och barn samt sjukdomar inom medicin, kirurgi, infektion och geriatrik",26,Färdighet och förmåga,relatera till sjuksköterskans arbetsområde utifrån upplevda kliniska händelser inom akutsjukvård,relatera,Kurs4_sskgrund_OMG403.pdf,high,
VGSSY_OMG403_LO_27,VGSSY,VGSSY,OMG403,"Specifik omvårdnad vid psykisk ohälsa, akuta situationer, av kvinnor och barn samt sjukdomar inom medicin, kirurgi, infektion och geriatrik",27,Färdighet och förmåga,relatera till sjuksköterskans arbetsområde utifrån upplevda kliniska händelser inom barn- eller kvinnosjukvård,relatera,Kurs4_sskgrund_OMG403.pdf,high,
VGSSY_OMG403_LO_28,VGSSY,VGSSY,OMG403,"Specifik omvårdnad vid psykisk ohälsa, akuta situationer, av kvinnor och barn samt sjukdomar inom medicin, kirurgi, infektion och geriatrik",28,Färdighet och förmåga,"reflektera en upplevd klinisk händelse utifrån ett patient-, närstående- och sjuksköterskeperspektiv inom akut - barn- eller kvinnosjukvård",reflektera,Kurs4_sskgrund_OMG403.pdf,high,
VGSSY_OMG403_LO_29,VGSSY,VGSSY,OMG403,"Specifik omvårdnad vid psykisk ohälsa, akuta situationer, av kvinnor och barn samt sjukdomar inom medicin, kirurgi, infektion och geriatrik",29,Färdighet och förmåga,identifiera krisreaktioner hos drabbade och värdera behovet av krisstödsinsats,identifiera,Kurs4_sskgrund_OMG403.pdf,high,
VGSSY_OMG403_LO_30,VGSSY,VGSSY,OMG403,"Specifik omvårdnad vid psykisk ohälsa, akuta situationer, av kvinnor och barn samt sjukdomar inom medicin, kirurgi, infektion och geriatrik",30,Färdighet och förmåga,"utifrån ett personcentrerat förhållningssätt redogöra för och diskutera den psykiatriska omvårdnadsprocessen, evidensbaserad omvårdnad samt författningar utifrån patientfall",utifrån,Kurs4_sskgrund_OMG403.pdf,high,
VGSSY_OMG403_LO_31,VGSSY,VGSSY,OMG403,"Specifik omvårdnad vid psykisk ohälsa, akuta situationer, av kvinnor och barn samt sjukdomar inom medicin, kirurgi, infektion och geriatrik",31,Färdighet och förmåga,i samråd med patienten och dess närstående identifiera individuella behov och egna resurser samt föreslå åtgärder enligt omvårdnadsprocessen vid palliativ omvårdnad,i,Kurs4_sskgrund_OMG403.pdf,high,
VGSSY_OMG403_LO_32,VGSSY,VGSSY,OMG403,"Specifik omvårdnad vid psykisk ohälsa, akuta situationer, av kvinnor och barn samt sjukdomar inom medicin, kirurgi, infektion och geriatrik",32,Värderingsförmåga och förhållningssätt,tillämpa evidensbaserad samt god och säker vård utifrån gällande författningar och styrdokument samt visa sitt kunnande i handlingsberedskap inom psykiatrisk omvårdnad,tillämpa,Kurs4_sskgrund_OMG403.pdf,high,
VGSSY_OMG403_LO_33,VGSSY,VGSSY,OMG403,"Specifik omvårdnad vid psykisk ohälsa, akuta situationer, av kvinnor och barn samt sjukdomar inom medicin, kirurgi, infektion och geriatrik",33,Värderingsförmåga och förhållningssätt,"tillämpa professionellt, personcentrerat, empatiskt och hälsofrämjande förhållningssätt i teamarbete/samverkan samt gentemot patient och närstående inom psykiatrisk omvårdnad",tillämpa,Kurs4_sskgrund_OMG403.pdf,high,
VGSSY_OMG403_LO_34,VGSSY,VGSSY,OMG403,"Specifik omvårdnad vid psykisk ohälsa, akuta situationer, av kvinnor och barn samt sjukdomar inom medicin, kirurgi, infektion och geriatrik",34,Värderingsförmåga och förhållningssätt,visa självkännedom i den egna professionella kompetensen samt kunna identifiera sitt behov av ytterligare kunskap för fortlöpande utveckling av sin professionella kompetens inom psykiatrisk omvårdnad,visa,Kurs4_sskgrund_OMG403.pdf,high,
VGSSY_OMG403_LO_35,VGSSY,VGSSY,OMG403,"Specifik omvårdnad vid psykisk ohälsa, akuta situationer, av kvinnor och barn samt sjukdomar inom medicin, kirurgi, infektion och geriatrik",35,Värderingsförmåga och förhållningssätt,identifiera ett etiskt problem i en psykiatrisk vårdsituation och utifrån detta argumentera för olika lösningar kopplat till etiska teorier,identifiera,Kurs4_sskgrund_OMG403.pdf,high,
VGSSY_OMG403_LO_36,VGSSY,VGSSY,OMG403,"Specifik omvårdnad vid psykisk ohälsa, akuta situationer, av kvinnor och barn samt sjukdomar inom medicin, kirurgi, infektion och geriatrik",36,Värderingsförmåga och förhållningssätt,"urskilja hur hopp och lidande beskrivs ur ett patient-, närstående- och sjuksköterskeperspektiv",urskilja,Kurs4_sskgrund_OMG403.pdf,high,
VGSSY_OMG403_LO_37,VGSSY,VGSSY,OMG403,"Specifik omvårdnad vid psykisk ohälsa, akuta situationer, av kvinnor och barn samt sjukdomar inom medicin, kirurgi, infektion och geriatrik",37,Värderingsförmåga och förhållningssätt,redogöra för säker hantering samt förebyggande av risker vid hantering av medicinsktekniska produkter inom hemsjukvård,redogöra,Kurs4_sskgrund_OMG403.pdf,high,
VGSSY_OMG551_LO_01,VGSSY,VGSSY,OMG551,Omvårdnad vid komplexa vårdbehov I samt introduktion till självständigt arbete i omvårdnad,1,Kunskap och förståelse,reflektera över och diskutera evidensbaserad vård och användningen av strategier för utveckling och hälsofrämjande förbättringsarbete inom hemsjukvård och/eller äldreomsorg,reflektera,Kurs5_sskgrund_OMG551.pdf,high,
VGSSY_OMG551_LO_02,VGSSY,VGSSY,OMG551,Omvårdnad vid komplexa vårdbehov I samt introduktion till självständigt arbete i omvårdnad,2,Kunskap och förståelse,"värdera vanligt förekommande forskningsansatser, design, urvalsmetoder, datainsamlingsmetoder, analysmetoder, forsknings- och forskaretiska- samt kvalitetsaspekter i kvantitativa-, kvalitativa- och litteraturstudier 2026-03-18 11:40 OMG551 https://edu.hig.se/docs/sv/syllabus/course/OMG551?valid-from=2026-08-31 1/7",värdera,Kurs5_sskgrund_OMG551.pdf,high,
VGSSY_OMG551_LO_03,VGSSY,VGSSY,OMG551,Omvårdnad vid komplexa vårdbehov I samt introduktion till självständigt arbete i omvårdnad,3,Kunskap och förståelse,"välja ut relevanta söktermer utifrån en frågeställning inom ramen för ämnet omvårdnad, genomföra en strukturerad databassökning samt värdera utfallet ** Färdighet och förmåga**",välja,Kurs5_sskgrund_OMG551.pdf,high,
VGSSY_OMG551_LO_04,VGSSY,VGSSY,OMG551,Omvårdnad vid komplexa vårdbehov I samt introduktion till självständigt arbete i omvårdnad,4,Kunskap och förståelse,tillämpa god kommunikation i mötet med patient och närstående samt kunna ge anpassad information och/eller undervisning inom hemsjukvård,tillämpa,Kurs5_sskgrund_OMG551.pdf,high,
VGSSY_OMG551_LO_05,VGSSY,VGSSY,OMG551,Omvårdnad vid komplexa vårdbehov I samt introduktion till självständigt arbete i omvårdnad,5,Kunskap och förståelse,"initiera och tillämpa omvårdnadsprocessens samtliga steg (bedöma, identifiera, planera, prioritera, utföra och följa upp vård samt rapportera och dokumentera) vid komplexa vårdbehov inom hemsjukvård",initiera,Kurs5_sskgrund_OMG551.pdf,high,
VGSSY_OMG551_LO_06,VGSSY,VGSSY,OMG551,Omvårdnad vid komplexa vårdbehov I samt introduktion till självständigt arbete i omvårdnad,6,Kunskap och förståelse,"bedöma rimlighet, följa ordination, iordningsställa, administrera samt utvärdera effekter av läkemedel samt informera patienter om läkemedlens effekter och biverkningar inom hemsjukvård",bedöma,Kurs5_sskgrund_OMG551.pdf,high,
VGSSY_OMG551_LO_07,VGSSY,VGSSY,OMG551,Omvårdnad vid komplexa vårdbehov I samt introduktion till självständigt arbete i omvårdnad,7,Kunskap och förståelse,"identifiera behov av, planera samt föreslå hälsofrämjande och sjukdomsförebyggande åtgärder för individer inom hemsjukvård",identifiera,Kurs5_sskgrund_OMG551.pdf,high,
VGSSY_OMG551_LO_08,VGSSY,VGSSY,OMG551,Omvårdnad vid komplexa vårdbehov I samt introduktion till självständigt arbete i omvårdnad,8,Kunskap och förståelse,"medverka vid samt självständigt planera, genomföra och ta ansvar för undersökningar och behandlingar inom hemsjukvård",medverka,Kurs5_sskgrund_OMG551.pdf,high,
VGSSY_OMG551_LO_09,VGSSY,VGSSY,OMG551,Omvårdnad vid komplexa vårdbehov I samt introduktion till självständigt arbete i omvårdnad,9,Kunskap och förståelse,"självständigt förbereda, planera och genomföra teamarbete och samverka med olika yrkesgrupper inom och utanför verksamheten med fokus på komplex vård inom hemsjukvård",självständigt,Kurs5_sskgrund_OMG551.pdf,high,
VGSSY_OMG551_LO_10,VGSSY,VGSSY,OMG551,Omvårdnad vid komplexa vårdbehov I samt introduktion till självständigt arbete i omvårdnad,10,Kunskap och förståelse,"arbetsleda genom att planera, anpassa, prioritera, fördela, samordna och följa upp arbetet i omvårdnadsteamet samt handleda personal och/eller studerande inom hemsjukvård",arbetsleda,Kurs5_sskgrund_OMG551.pdf,high,
VGSSY_OMG551_LO_11,VGSSY,VGSSY,OMG551,Omvårdnad vid komplexa vårdbehov I samt introduktion till självständigt arbete i omvårdnad,11,Kunskap och förståelse,tillämpa god kommunikation i mötet med patient och närstående samt kunna ge anpassad information och/eller undervisning inom äldreomsorg,tillämpa,Kurs5_sskgrund_OMG551.pdf,high,
VGSSY_OMG551_LO_12,VGSSY,VGSSY,OMG551,Omvårdnad vid komplexa vårdbehov I samt introduktion till självständigt arbete i omvårdnad,12,Kunskap och förståelse,"initiera och tillämpa omvårdnadsprocessens samtliga steg (bedöma, identifiera, planera, prioritera, utföra och följa upp vård samt rapportera och dokumentera) vid komplexa vårdbehov inom äldreomsorg",initiera,Kurs5_sskgrund_OMG551.pdf,high,
VGSSY_OMG551_LO_13,VGSSY,VGSSY,OMG551,Omvårdnad vid komplexa vårdbehov I samt introduktion till självständigt arbete i omvårdnad,13,Kunskap och förståelse,"bedöma rimlighet, följa ordination, iordningsställa, administrera och utvärdera effekter av läkemedel samt informera patienter om läkemedlens effekter och biverkningar inom äldreomsorg",bedöma,Kurs5_sskgrund_OMG551.pdf,high,
VGSSY_OMG551_LO_14,VGSSY,VGSSY,OMG551,Omvårdnad vid komplexa vårdbehov I samt introduktion till självständigt arbete i omvårdnad,14,Kunskap och förståelse,"identifiera behov av, planera samt föreslå hälsofrämjande och sjukdomsförebyggande åtgärder för individer inom äldreomsorg",identifiera,Kurs5_sskgrund_OMG551.pdf,high,
VGSSY_OMG551_LO_15,VGSSY,VGSSY,OMG551,Omvårdnad vid komplexa vårdbehov I samt introduktion till självständigt arbete i omvårdnad,15,Kunskap och förståelse,"medverka vid samt självständigt planera, genomföra och ta ansvar för undersökningar och behandlingar inom äldreomsorg",medverka,Kurs5_sskgrund_OMG551.pdf,high,
VGSSY_OMG551_LO_16,VGSSY,VGSSY,OMG551,Omvårdnad vid komplexa vårdbehov I samt introduktion till självständigt arbete i omvårdnad,16,Kunskap och förståelse,"självständigt förbereda, planera och genomföra teamarbete och samverka med olika yrkesgrupper inom och utanför verksamheten med fokus på komplex vård inom äldreomsorg",självständigt,Kurs5_sskgrund_OMG551.pdf,high,
VGSSY_OMG551_LO_17,VGSSY,VGSSY,OMG551,Omvårdnad vid komplexa vårdbehov I samt introduktion till självständigt arbete i omvårdnad,17,Kunskap och förståelse,"arbetsleda genom att planera, anpassa, prioritera, fördela, samordna och följa upp arbetet i omvårdnadsteamet samt handleda personal och/eller studerande inom äldreomsorg",arbetsleda,Kurs5_sskgrund_OMG551.pdf,high,
VGSSY_OMG551_LO_18,VGSSY,VGSSY,OMG551,Omvårdnad vid komplexa vårdbehov I samt introduktion till självständigt arbete i omvårdnad,18,Kunskap och förståelse,tillämpa sin kunskap i att hantera komplexa situationer utifrån individers och gruppers behov samt reflektera kring dessa,tillämpa,Kurs5_sskgrund_OMG551.pdf,high,
VGSSY_OMG551_LO_19,VGSSY,VGSSY,OMG551,Omvårdnad vid komplexa vårdbehov I samt introduktion till självständigt arbete i omvårdnad,19,Kunskap och förståelse,"reflektera över komplexa fysiska och psykosociala vårdmiljöer ur patient-, närstående- och sjuksköterskeperspektiv vid vård i hemsjukvård",reflektera,Kurs5_sskgrund_OMG551.pdf,high,
VGSSY_OMG551_LO_20,VGSSY,VGSSY,OMG551,Omvårdnad vid komplexa vårdbehov I samt introduktion till självständigt arbete i omvårdnad,20,Kunskap och förståelse,"formulera och rapportera en projektplan för självständigt arbete utifrån forskningsprocessen, vedertagen svensk skriftspråksnorm samt 2026-03-18 11:40 OMG551 https://edu.hig.se/docs/sv/syllabus/course/OMG551?valid-from=2026-08-31 2/7 användande av korrekt och vetenskaplig källhänvisningsteknik ** Värderingsförmåga och förhållningssätt**",formulera,Kurs5_sskgrund_OMG551.pdf,high,
VGSSY_OMG551_LO_21,VGSSY,VGSSY,OMG551,Omvårdnad vid komplexa vårdbehov I samt introduktion till självständigt arbete i omvårdnad,21,Kunskap och förståelse,tillämpa evidensbaserad samt god och säker vård utifrån gällande författningar och styrdokument samt visa sitt kunnande i handlingsberedskap inom hemsjukvård,tillämpa,Kurs5_sskgrund_OMG551.pdf,high,
VGSSY_OMG551_LO_22,VGSSY,VGSSY,OMG551,Omvårdnad vid komplexa vårdbehov I samt introduktion till självständigt arbete i omvårdnad,22,Kunskap och förståelse,"tillämpa professionellt, personcentrerat, empatiskt och hälsofrämjande förhållningssätt i teamarbete/samverkan samt gentemot patient och närstående inom hemsjukvård",tillämpa,Kurs5_sskgrund_OMG551.pdf,high,
VGSSY_OMG551_LO_23,VGSSY,VGSSY,OMG551,Omvårdnad vid komplexa vårdbehov I samt introduktion till självständigt arbete i omvårdnad,23,Kunskap och förståelse,"visa självkännedom i den egna professionella kompetensen samt kunna identifiera sitt behov av ytterligare kunskap för fortlöpande utveckling av sin professionella kompetens, inom hemsjukvård",visa,Kurs5_sskgrund_OMG551.pdf,high,
VGSSY_OMG551_LO_24,VGSSY,VGSSY,OMG551,Omvårdnad vid komplexa vårdbehov I samt introduktion till självständigt arbete i omvårdnad,24,Kunskap och förståelse,"tillämpa evidensbaserad samt god och säker vård utifrån gällande författningar och styrdokument samt visa sitt kunnande i handlingsberedskap, inom äldreomsorg",tillämpa,Kurs5_sskgrund_OMG551.pdf,high,
VGSSY_OMG551_LO_25,VGSSY,VGSSY,OMG551,Omvårdnad vid komplexa vårdbehov I samt introduktion till självständigt arbete i omvårdnad,25,Kunskap och förståelse,"tillämpa professionellt, personcentrerat, empatiskt och hälsofrämjande förhållningssätt i teamarbete/samverkan samt gentemot patient och närstående inom äldreomsorg",tillämpa,Kurs5_sskgrund_OMG551.pdf,high,
VGSSY_OMG551_LO_26,VGSSY,VGSSY,OMG551,Omvårdnad vid komplexa vårdbehov I samt introduktion till självständigt arbete i omvårdnad,26,Kunskap och förståelse,"visa självkännedom i den egna professionella kompetensen samt kunna identifiera sitt behov av ytterligare kunskap för fortlöpande utveckling av sin professionella kompetens, inom äldreomsorg",visa,Kurs5_sskgrund_OMG551.pdf,high,
VGSSY_OMG551_LO_27,VGSSY,VGSSY,OMG551,Omvårdnad vid komplexa vårdbehov I samt introduktion till självständigt arbete i omvårdnad,27,Kunskap och förståelse,"visa fördjupad förmåga att reflektera över genus, jämställdhet, likabehandling samt våld i nära relationer inom hemsjukvård",visa,Kurs5_sskgrund_OMG551.pdf,high,
VGSSY_OMG551_LO_28,VGSSY,VGSSY,OMG551,Omvårdnad vid komplexa vårdbehov I samt introduktion till självständigt arbete i omvårdnad,28,Kunskap och förståelse,"visa fördjupad förmåga att reflektera över genus, jämställdhet, likabehandling samt våld i nära relationer inom äldreomsorg",visa,Kurs5_sskgrund_OMG551.pdf,high,
VGSSY_OMG551_LO_29,VGSSY,VGSSY,OMG551,Omvårdnad vid komplexa vårdbehov I samt introduktion till självständigt arbete i omvårdnad,29,Kunskap och förståelse,"diskutera och reflektera över grupprocesser, teamarbete, ledarskap och konflikthantering inom hemsjukvård och/eller äldreomsorg",diskutera,Kurs5_sskgrund_OMG551.pdf,high,
VGSSY_OMG551_LO_30,VGSSY,VGSSY,OMG551,Omvårdnad vid komplexa vårdbehov I samt introduktion till självständigt arbete i omvårdnad,30,Kunskap och förståelse,"identifiera och motivera ett relevant problemområde, presentera en plan för förbättring av detta och dess implementering samt argumentera och förklara hur denna kan säkra kvaliteten i hemsjukvård och/eller äldreomsorg",identifiera,Kurs5_sskgrund_OMG551.pdf,high,
VGSSY_OMG551_LO_31,VGSSY,VGSSY,OMG551,Omvårdnad vid komplexa vårdbehov I samt introduktion till självständigt arbete i omvårdnad,31,Kunskap och förståelse,"värdera, argumentera och visa förståelse för intressenters olika perspektiv vid etiska dilemman i komplexa vårdsituationer inom äldreomsorg samt problematisera konsekvenser av etiska dilemman","värdera,",Kurs5_sskgrund_OMG551.pdf,high,
VGSSY_OMG551_LO_32,VGSSY,VGSSY,OMG551,Omvårdnad vid komplexa vårdbehov I samt introduktion till självständigt arbete i omvårdnad,32,Kunskap och förståelse,"reflektera över patienters komplexa situation och med ett helhets- och hälsofrämjande perspektiv samt i relation till personcentrerad vård och grundläggande principer inom omvårdnadsinformatik kunna bedöma, föreslå, och motivera åtgärder samt dokumentera utifrån evidens, patientsäkerhet och relevanta författningar, i hemsjukvård och/eller äldreomsorg",reflektera,Kurs5_sskgrund_OMG551.pdf,high,
VGSSY_OMG551_LO_33,VGSSY,VGSSY,OMG551,Omvårdnad vid komplexa vårdbehov I samt introduktion till självständigt arbete i omvårdnad,33,Kunskap och förståelse,kritiskt granska samt försvara en projektplan för självständigt arbete inom ämnet omvårdnad,kritiskt,Kurs5_sskgrund_OMG551.pdf,high,
VGSSY_OMG805_LO_01,VGSSY,VGSSY,OMG805,Självständigt arbete (examensarbete) i omvårdnad,1,Kunskap och förståelse,"identifiera, avgränsa och formulera ett relevant problemområde inom omvårdnad","identifiera,",Kurs6_sskgrund_OMG805.pdf,high,
VGSSY_OMG805_LO_02,VGSSY,VGSSY,OMG805,Självständigt arbete (examensarbete) i omvårdnad,2,Kunskap och förståelse,"redogöra för centrala begrepp, modell/teori och relevant forskning inom valt problemområde",redogöra,Kurs6_sskgrund_OMG805.pdf,high,
VGSSY_OMG805_LO_03,VGSSY,VGSSY,OMG805,Självständigt arbete (examensarbete) i omvårdnad,3,Kunskap och förståelse,beskriva val av design och metod i relation till syfte,beskriva,Kurs6_sskgrund_OMG805.pdf,high,
VGSSY_OMG805_LO_04,VGSSY,VGSSY,OMG805,Självständigt arbete (examensarbete) i omvårdnad,4,Kunskap och förståelse,redogöra för forskningsetiska och/eller forskaretiska principer i relation till valt examensarbete,redogöra,Kurs6_sskgrund_OMG805.pdf,high,
VGSSY_OMG805_LO_05,VGSSY,VGSSY,OMG805,Självständigt arbete (examensarbete) i omvårdnad,5,Färdighet och förmåga,"söka, granska, värdera och sammanfatta vetenskaplig litteratur utifrån ett vetenskapligt förhållningssätt 2026-03-18 11:40 OMG805 https://edu.hig.se/docs/sv/syllabus/course/OMG805?valid-from=2027-01-18 1/3","söka,",Kurs6_sskgrund_OMG805.pdf,high,
VGSSY_OMG805_LO_06,VGSSY,VGSSY,OMG805,Självständigt arbete (examensarbete) i omvårdnad,6,Färdighet och förmåga,genomföra datainsamling och dataanalys utifrån ett vetenskapligt förhållningssätt,genomföra,Kurs6_sskgrund_OMG805.pdf,high,
VGSSY_OMG805_LO_07,VGSSY,VGSSY,OMG805,Självständigt arbete (examensarbete) i omvårdnad,7,Färdighet och förmåga,framställa resultat och diskutera det i relation till modell/teori och relevant forskning,framställa,Kurs6_sskgrund_OMG805.pdf,high,
VGSSY_OMG805_LO_08,VGSSY,VGSSY,OMG805,Självständigt arbete (examensarbete) i omvårdnad,8,Färdighet och förmåga,förklara examensarbetet och diskutera problem och lösningar i dialog med olika målgrupper,förklara,Kurs6_sskgrund_OMG805.pdf,high,
VGSSY_OMG805_LO_09,VGSSY,VGSSY,OMG805,Självständigt arbete (examensarbete) i omvårdnad,9,Färdighet och förmåga,försvara det egna examensarbetet utifrån ett vetenskapligt förhållningssätt,försvara,Kurs6_sskgrund_OMG805.pdf,high,
VGSSY_OMG805_LO_10,VGSSY,VGSSY,OMG805,Självständigt arbete (examensarbete) i omvårdnad,10,Färdighet och förmåga,granska ett annat examensarbete utifrån ett vetenskapligt förhållningssätt,granska,Kurs6_sskgrund_OMG805.pdf,high,
VGSSY_OMG805_LO_11,VGSSY,VGSSY,OMG805,Självständigt arbete (examensarbete) i omvårdnad,11,Värderingsförmåga och förhållningssätt,urskilja och värdera metodologiska styrkor och svagheter i det egna examensarbetet,urskilja,Kurs6_sskgrund_OMG805.pdf,high,
VGSSY_OMG805_LO_12,VGSSY,VGSSY,OMG805,Självständigt arbete (examensarbete) i omvårdnad,12,Värderingsförmåga och förhållningssätt,värdera det egna examensarbetets relevans för omvårdnad som ämne samt betydelsen av arbetets resultat för ett samhällsperspektiv,värdera,Kurs6_sskgrund_OMG805.pdf,high,
VGSSY_OMG805_LO_13,VGSSY,VGSSY,OMG805,Självständigt arbete (examensarbete) i omvårdnad,13,Värderingsförmåga och förhållningssätt,reflektera över sina styrkor och utvecklingsbehov samt beskriva konkreta strategier för fortsatt kunskapsinhämtning inom omvårdnad,reflektera,Kurs6_sskgrund_OMG805.pdf,high,
VGSSY_OMG552_LO_01,VGSSY,VGSSY,OMG552,Omvårdnad vid komplexa vårdbehov II,1,Färdighet och förmåga,"tillämpa anpassad kommunikation, information och undervisning i mötet med patient och närstående i komplexa vårdsituationer",tillämpa,Kurs7_sskgrund_OMG552.docx,high,
VGSSY_OMG552_LO_02,VGSSY,VGSSY,OMG552,Omvårdnad vid komplexa vårdbehov II,2,Färdighet och förmåga,"tillämpa omvårdnadsprocessens samtliga steg (bedöma, identifiera, planera, prioritera, utföra och följa upp vård samt rapportera och dokumentera) i komplexa vårdsituationer inom somatisk slutenvård",tillämpa,Kurs7_sskgrund_OMG552.docx,high,
VGSSY_OMG552_LO_03,VGSSY,VGSSY,OMG552,Omvårdnad vid komplexa vårdbehov II,3,Färdighet och förmåga,"identifiera behov av, planera samt föreslå hälsofrämjande och sjukdomsförebyggande åtgärder för patienter inom somatisk slutenvård",identifiera,Kurs7_sskgrund_OMG552.docx,high,
VGSSY_OMG552_LO_04,VGSSY,VGSSY,OMG552,Omvårdnad vid komplexa vårdbehov II,4,Färdighet och förmåga,"följa ordinationer, bedöma rimlighet i läkemedelsordinationer, iordningsställa, administrera/överlämna samt utvärdera effekter av läkemedel och informera patienter om läkemedlens effekter och biverkningar inom somatisk slutenvård",följa,Kurs7_sskgrund_OMG552.docx,high,
VGSSY_OMG552_LO_05,VGSSY,VGSSY,OMG552,Omvårdnad vid komplexa vårdbehov II,5,Färdighet och förmåga,"medverka vid samt självständigt planera, genomföra och ta ansvar för undersökningar och behandlingar samt hantera medicinskteknisk utrustning inom somatisk slutenvård",medverka,Kurs7_sskgrund_OMG552.docx,high,
VGSSY_OMG552_LO_06,VGSSY,VGSSY,OMG552,Omvårdnad vid komplexa vårdbehov II,6,Färdighet och förmåga,samverka med olika yrkesgrupper inom och utanför verksamheten för patienter med komplexa vårdbehov,samverka,Kurs7_sskgrund_OMG552.docx,high,
VGSSY_OMG552_LO_07,VGSSY,VGSSY,OMG552,Omvårdnad vid komplexa vårdbehov II,7,Färdighet och förmåga,"arbetsleda genom att planera, anpassa, prioritera, fördela, samordna och följa upp arbetet i omvårdnadsteamet samt handleda personal och/eller studerande inom somatisk slutenvård",arbetsleda,Kurs7_sskgrund_OMG552.docx,high,
VGSSY_OMG552_LO_08,VGSSY,VGSSY,OMG552,Omvårdnad vid komplexa vårdbehov II,8,Färdighet och förmåga,ta initiativ i komplexa vårdsituationer inom sjuksköterskans ansvarsområde samt motivera sitt handlande,ta,Kurs7_sskgrund_OMG552.docx,high,
VGSSY_OMG552_LO_09,VGSSY,VGSSY,OMG552,Omvårdnad vid komplexa vårdbehov II,9,Färdighet och förmåga,reflektera över komplexa vårdsituationer under den verksamhetsförlagda utbildningen för att bidra till den egna professionella yrkesutvecklingen,reflektera,Kurs7_sskgrund_OMG552.docx,high,
VGSSY_OMG552_LO_10,VGSSY,VGSSY,OMG552,Omvårdnad vid komplexa vårdbehov II,10,Färdighet och förmåga,planera och genomföra ett undervisningstillfälle fokuserat på komplexa vårdsituationer,planera,Kurs7_sskgrund_OMG552.docx,high,
VGSSY_OMG552_LO_11,VGSSY,VGSSY,OMG552,Omvårdnad vid komplexa vårdbehov II,11,Färdighet och förmåga,"utföra och förklara komplexa vårdsituationer, företeelser och frågeställningar som ingår i sjuksköterskans professionella yrkesutövande utifrån patientfall",utföra,Kurs7_sskgrund_OMG552.docx,high,
VGSSY_OMG552_LO_12,VGSSY,VGSSY,OMG552,Omvårdnad vid komplexa vårdbehov II,12,Värderingsförmåga och förhållningssätt,tillämpa evidensbaserad samt god och säker vård utifrån gällande författningar och styrdokument samt visa sitt kunnande i handlingsberedskap i komplexa vårdsituationer,tillämpa,Kurs7_sskgrund_OMG552.docx,high,
VGSSY_OMG552_LO_13,VGSSY,VGSSY,OMG552,Omvårdnad vid komplexa vårdbehov II,13,Värderingsförmåga och förhållningssätt,"tillämpa professionellt, personcentrerat, empatiskt och hälsofrämjande förhållningssätt i teamarbete/samverkan samt gentemot patient och närstående",tillämpa,Kurs7_sskgrund_OMG552.docx,high,
VGSSY_OMG552_LO_14,VGSSY,VGSSY,OMG552,Omvårdnad vid komplexa vårdbehov II,14,Värderingsförmåga och förhållningssätt,"visa självkännedom i den egna professionella kompetensen samt kunna identifiera sitt behov av ytterligare kunskap för fortlöpande utveckling av sin professionella kompetens, i komplexa vårdsituationer",visa,Kurs7_sskgrund_OMG552.docx,high,
