module_id,lineage_uid,lineage_confidence,course_family_id,course_uid,course_version,is_current,program,education_level,course_code,course_name_sv,module_code_if_stated,module_name,credits_hp,module_order,module_description_exact,related_examination_id,source_file,confidence,notes
OMA071_v01_MODULE_001,OMA071_MODULE_001,baseline,OMA071,OMA071_v01,1,yes,Specialistsjuksköterskeprogrammet - inriktning anestesisjukvård,Avancerad nivå,OMA071,Avancerad omvårdnad med inriktning mot anestesisjukvård I,0001,"Tentamen, individuell (lärandemål 1) hp VG",missing,1,"0001 Tentamen, individuell (lärandemål 1) hp VG",OMA071_v01_EXAM_001,Kurs1_Anestesi_OMA071.pdf,medium,extraction_method=ocr_swe_70dpi_cached
OMA071_v01_MODULE_002,OMA071_MODULE_002,baseline,OMA071,OMA071_v01,1,yes,Specialistsjuksköterskeprogrammet - inriktning anestesisjukvård,Avancerad nivå,OMA071,Avancerad omvårdnad med inriktning mot anestesisjukvård I,0002,"Muntlig examination, individuell (lärandemål 2, 3) 4 ue",missing,2,"0002 Muntlig examination, individuell (lärandemål 2, 3) 4 ue",OMA071_v01_EXAM_002,Kurs1_Anestesi_OMA071.pdf,medium,extraction_method=ocr_swe_70dpi_cached
OMA071_v01_MODULE_003,OMA071_MODULE_003,baseline,OMA071,OMA071_v01,1,yes,Specialistsjuksköterskeprogrammet - inriktning anestesisjukvård,Avancerad nivå,OMA071,Avancerad omvårdnad med inriktning mot anestesisjukvård I,0003,"Tentamen, individuell (lärandemål 7), hp VG",missing,3,"0003 Tentamen, individuell (lärandemål 7), hp VG",OMA071_v01_EXAM_003,Kurs1_Anestesi_OMA071.pdf,medium,extraction_method=ocr_swe_70dpi_cached
OMA071_v01_MODULE_004,OMA071_MODULE_004,baseline,OMA071,OMA071_v01,1,yes,Specialistsjuksköterskeprogrammet - inriktning anestesisjukvård,Avancerad nivå,OMA071,Avancerad omvårdnad med inriktning mot anestesisjukvård I,0004,"Seminarium, individuell bedömning (lärandemål 8) 4 ue",missing,4,"0004 Seminarium, individuell bedömning (lärandemål 8) 4 ue",OMA071_v01_EXAM_004,Kurs1_Anestesi_OMA071.pdf,medium,extraction_method=ocr_swe_70dpi_cached
OMA071_v01_MODULE_005,OMA071_MODULE_005,baseline,OMA071,OMA071_v01,1,yes,Specialistsjuksköterskeprogrammet - inriktning anestesisjukvård,Avancerad nivå,OMA071,Avancerad omvårdnad med inriktning mot anestesisjukvård I,0005,"Klinisk examination, individuell (lärandemål 8) ho",missing,5,"0005 Klinisk examination, individuell (lärandemål 8) ho UG",OMA071_v01_EXAM_005,Kurs1_Anestesi_OMA071.pdf,medium,extraction_method=ocr_swe_70dpi_cached
OMA071_v01_MODULE_006,OMA071_MODULE_006,baseline,OMA071,OMA071_v01,1,yes,Specialistsjuksköterskeprogrammet - inriktning anestesisjukvård,Avancerad nivå,OMA071,Avancerad omvårdnad med inriktning mot anestesisjukvård I,0006,"Tentamen, individuell (lärandemål 4, 5, 6) fp W",missing,6,"0006 Tentamen, individuell (lärandemål 4, 5, 6) fp W",OMA071_v01_EXAM_006,Kurs1_Anestesi_OMA071.pdf,medium,extraction_method=ocr_swe_70dpi_cached
OMA071_v01_MODULE_007,OMA071_MODULE_007,baseline,OMA071,OMA071_v01,1,yes,Specialistsjuksköterskeprogrammet - inriktning anestesisjukvård,Avancerad nivå,OMA071,Avancerad omvårdnad med inriktning mot anestesisjukvård I,0007,"Seminarium, individuell bedömning (lärandemål 10) 4 ue",missing,7,"0007 Seminarium, individuell bedömning (lärandemål 10) 4 ue",OMA071_v01_EXAM_007,Kurs1_Anestesi_OMA071.pdf,medium,extraction_method=ocr_swe_70dpi_cached
OMA071_v01_MODULE_008,OMA071_MODULE_008,baseline,OMA071,OMA071_v01,1,yes,Specialistsjuksköterskeprogrammet - inriktning anestesisjukvård,Avancerad nivå,OMA071,Avancerad omvårdnad med inriktning mot anestesisjukvård I,9008,bedömning (lärandemål 17) np WW,missing,8,9008 bedömning (lärandemål 17) np WW,OMA071_v01_EXAM_008,Kurs1_Anestesi_OMA071.pdf,medium,extraction_method=ocr_swe_70dpi_cached
OMA071_v01_MODULE_009,OMA071_MODULE_009,baseline,OMA071,OMA071_v01,1,yes,Specialistsjuksköterskeprogrammet - inriktning anestesisjukvård,Avancerad nivå,OMA071,Avancerad omvårdnad med inriktning mot anestesisjukvård I,9009,bedömning (lärandemål 11) hp WW,missing,9,9009 bedömning (lärandemål 11) hp WW,OMA071_v01_EXAM_009,Kurs1_Anestesi_OMA071.pdf,medium,extraction_method=ocr_swe_70dpi_cached
OMA071_v01_MODULE_010,OMA071_MODULE_010,baseline,OMA071,OMA071_v01,1,yes,Specialistsjuksköterskeprogrammet - inriktning anestesisjukvård,Avancerad nivå,OMA071,Avancerad omvårdnad med inriktning mot anestesisjukvård I,0010,"fastställda kriterier och lärandemål, muntlig hm",missing,10,"0010 fastställda kriterier och lärandemål, muntlig hm UG",OMA071_v01_EXAM_010,Kurs1_Anestesi_OMA071.pdf,medium,extraction_method=ocr_swe_70dpi_cached
OMA070_v01_MODULE_001,OMA070_MODULE_001,baseline,OMA070,OMA070_v01,1,yes,Specialistsjuksköterskeprogrammet - inriktning anestesisjukvård,Avancerad nivå,OMA070,Omvårdnad - Vetenskaplig metod och teori avancerad nivå - inriktning anestesisjukvård,0010,"Skriftlig och muntlig examination, grupp med individuell bedömning (lärandemål 1, 12)",1.0,1,"0010 Skriftlig och muntlig examination, grupp med individuell bedömning (lärandemål 1, 12) 1.0 hp UV",OMA070_v01_EXAM_002,user_prompt_OMA070.txt,high,extraction_method=user_prompt_cached
OMA070_v01_MODULE_002,OMA070_MODULE_002,baseline,OMA070,OMA070_v01,1,yes,Specialistsjuksköterskeprogrammet - inriktning anestesisjukvård,Avancerad nivå,OMA070,Omvårdnad - Vetenskaplig metod och teori avancerad nivå - inriktning anestesisjukvård,0020,"Skriftlig och muntlig examination, grupp med individuell bedömning (lärandemål 2, 7, 8, 10, 11, 13)",2.5,2,"0020 Skriftlig och muntlig examination, grupp med individuell bedömning (lärandemål 2, 7, 8, 10, 11, 13) 2.5 hp UG",OMA070_v01_EXAM_003,user_prompt_OMA070.txt,high,extraction_method=user_prompt_cached
OMA070_v01_MODULE_003,OMA070_MODULE_003,baseline,OMA070,OMA070_v01,1,yes,Specialistsjuksköterskeprogrammet - inriktning anestesisjukvård,Avancerad nivå,OMA070,Omvårdnad - Vetenskaplig metod och teori avancerad nivå - inriktning anestesisjukvård,0030,"Skriftlig och muntlig examination examination, grupp med individuell bedömning (lärandemål 3, 9)",1.0,3,"0030 Skriftlig och muntlig examination examination, grupp med individuell bedömning (lärandemål 3, 9) 1.0 hp UV",OMA070_v01_EXAM_004,user_prompt_OMA070.txt,high,extraction_method=user_prompt_cached
OMA070_v01_MODULE_004,OMA070_MODULE_004,baseline,OMA070,OMA070_v01,1,yes,Specialistsjuksköterskeprogrammet - inriktning anestesisjukvård,Avancerad nivå,OMA070,Omvårdnad - Vetenskaplig metod och teori avancerad nivå - inriktning anestesisjukvård,0040,"Skriftlig och muntlig examination, grupp med individuell bedömning (lärandemål 4)",1.0,4,"0040 Skriftlig och muntlig examination, grupp med individuell bedömning (lärandemål 4) 1.0 hp UV",OMA070_v01_EXAM_005,user_prompt_OMA070.txt,high,extraction_method=user_prompt_cached
OMA070_v01_MODULE_005,OMA070_MODULE_005,baseline,OMA070,OMA070_v01,1,yes,Specialistsjuksköterskeprogrammet - inriktning anestesisjukvård,Avancerad nivå,OMA070,Omvårdnad - Vetenskaplig metod och teori avancerad nivå - inriktning anestesisjukvård,0050,"Skriftlig och muntlig examination, grupp med individuell bedömning (lärandemål 5)",1.0,5,"0050 Skriftlig och muntlig examination, grupp med individuell bedömning (lärandemål 5) 1.0 hp UV",OMA070_v01_EXAM_006,user_prompt_OMA070.txt,high,extraction_method=user_prompt_cached
OMA070_v01_MODULE_006,OMA070_MODULE_006,baseline,OMA070,OMA070_v01,1,yes,Specialistsjuksköterskeprogrammet - inriktning anestesisjukvård,Avancerad nivå,OMA070,Omvårdnad - Vetenskaplig metod och teori avancerad nivå - inriktning anestesisjukvård,0060,"Skriftlig och muntlig examination, grupp med individuell bedömning (lärandemål 6)",1.0,6,"0060 Skriftlig och muntlig examination, grupp med individuell bedömning (lärandemål 6) 1.0 hp UV",OMA070_v01_EXAM_007,user_prompt_OMA070.txt,high,extraction_method=user_prompt_cached
OMA406_v01_MODULE_001,OMA406_MODULE_001,baseline,OMA406,OMA406_v01,1,yes,Specialistsjuksköterskeprogrammet - inriktning anestesisjukvård,Avancerad nivå,OMA406,Avancerad omvårdnad med inriktning mot anestesisjukvård II,0001,Tentamen individuell (lärandemål 1),2.0,1,0001 Tentamen individuell (lärandemål 1) 2.0 hp UV,OMA406_v01_EXAM_002,user_prompt_OMA406.txt,high,extraction_method=user_prompt_cached
OMA406_v01_MODULE_002,OMA406_MODULE_002,baseline,OMA406,OMA406_v01,1,yes,Specialistsjuksköterskeprogrammet - inriktning anestesisjukvård,Avancerad nivå,OMA406,Avancerad omvårdnad med inriktning mot anestesisjukvård II,0002,"Muntlig gruppresentation av uppgift, individuell bedömning (lärandemål 2)",0.5,2,"0002 Muntlig gruppresentation av uppgift, individuell bedömning (lärandemål 2) 0.5 hp UG",OMA406_v01_EXAM_003,user_prompt_OMA406.txt,high,extraction_method=user_prompt_cached
OMA406_v01_MODULE_003,OMA406_MODULE_003,baseline,OMA406,OMA406_v01,1,yes,Specialistsjuksköterskeprogrammet - inriktning anestesisjukvård,Avancerad nivå,OMA406,Avancerad omvårdnad med inriktning mot anestesisjukvård II,0003,"Skriftlig examination, individuell (lärandemål 3)",1.0,3,"0003 Skriftlig examination, individuell (lärandemål 3) 1.0 hp UV",OMA406_v01_EXAM_004,user_prompt_OMA406.txt,high,extraction_method=user_prompt_cached
OMA406_v01_MODULE_004,OMA406_MODULE_004,baseline,OMA406,OMA406_v01,1,yes,Specialistsjuksköterskeprogrammet - inriktning anestesisjukvård,Avancerad nivå,OMA406,Avancerad omvårdnad med inriktning mot anestesisjukvård II,0004,Muntlig individuell presentation av uppgift (lärandemål 4),0.5,4,0004 Muntlig individuell presentation av uppgift (lärandemål 4) 0.5 hp UG,OMA406_v01_EXAM_005,user_prompt_OMA406.txt,high,extraction_method=user_prompt_cached
OMA406_v01_MODULE_005,OMA406_MODULE_005,baseline,OMA406,OMA406_v01,1,yes,Specialistsjuksköterskeprogrammet - inriktning anestesisjukvård,Avancerad nivå,OMA406,Avancerad omvårdnad med inriktning mot anestesisjukvård II,0005,Muntlig individuell presentation av uppgift (lärandemål 5),0.5,5,0005 Muntlig individuell presentation av uppgift (lärandemål 5) 0.5 hp UG,OMA406_v01_EXAM_006,user_prompt_OMA406.txt,high,extraction_method=user_prompt_cached
OMA406_v01_MODULE_006,OMA406_MODULE_006,baseline,OMA406,OMA406_v01,1,yes,Specialistsjuksköterskeprogrammet - inriktning anestesisjukvård,Avancerad nivå,OMA406,Avancerad omvårdnad med inriktning mot anestesisjukvård II,0006,"Skriftlig examination, individuell (lärandemål 10)",1.0,6,"0006 Skriftlig examination, individuell (lärandemål 10) 1.0 hp UV",OMA406_v01_EXAM_007,user_prompt_OMA406.txt,high,extraction_method=user_prompt_cached
OMA406_v01_MODULE_007,OMA406_MODULE_007,baseline,OMA406,OMA406_v01,1,yes,Specialistsjuksköterskeprogrammet - inriktning anestesisjukvård,Avancerad nivå,OMA406,Avancerad omvårdnad med inriktning mot anestesisjukvård II,0007,"Seminarium, individuell bedömning (lärandemål 11)",0.5,7,"0007 Seminarium, individuell bedömning (lärandemål 11) 0.5 hp UG",OMA406_v01_EXAM_008,user_prompt_OMA406.txt,high,extraction_method=user_prompt_cached
OMA406_v01_MODULE_008,OMA406_MODULE_008,baseline,OMA406,OMA406_v01,1,yes,Specialistsjuksköterskeprogrammet - inriktning anestesisjukvård,Avancerad nivå,OMA406,Avancerad omvårdnad med inriktning mot anestesisjukvård II,0008,"Individuell dokumenterad bedömning av VFU enligt fastställda kriterier och lärandemål med muntlig dokumenterad genomgång (lärandemål 6–9, 12)",9.0,8,"0008 Individuell dokumenterad bedömning av VFU enligt fastställda kriterier och lärandemål med muntlig dokumenterad genomgång (lärandemål 6–9, 12) 9.0 hp UG",OMA406_v01_EXAM_009,user_prompt_OMA406.txt,high,extraction_method=user_prompt_cached
OMA717_v01_MODULE_001,OMA717_MODULE_001,baseline,OMA717,OMA717_v01,1,yes,Specialistsjuksköterskeprogrammet - inriktning anestesisjukvård,Avancerad nivå,OMA717,Examensarbete inom anestesisjuksköterskans kunskapsområde,0001,"Självständigt arbete, individuell bedömning",18.0,1,"0001 Självständigt arbete, individuell bedömning 18.0 hp UV",OMA717_v01_EXAM_001,Kurs4_Anestesi_OMA717.pdf,medium,extraction_method=ocr_swe_70dpi_cached
OMA081_v01_MODULE_001,OMA081_MODULE_001,baseline,OMA081,OMA081_v01,1,yes,Specialistsjuksköterskeprogrammet - inriktning intensivvård,Avancerad nivå,OMA081,Avancerad omvårdnad med inriktning mot intensivvård I,0001,"Tentamen, individuell (lärandernål 1) fp VG",missing,1,"0001 Tentamen, individuell (lärandernål 1) fp VG",OMA081_v01_EXAM_002,Kurs1_IVA_OMA081.pdf,medium,extraction_method=ocr_swe_70dpi_cached
OMA081_v01_MODULE_002,OMA081_MODULE_002,baseline,OMA081,OMA081_v01,1,yes,Specialistsjuksköterskeprogrammet - inriktning intensivvård,Avancerad nivå,OMA081,Avancerad omvårdnad med inriktning mot intensivvård I,0002,"Muntlig examination, individuell (lärandemål 2,3) fd ue",missing,2,"0002 Muntlig examination, individuell (lärandemål 2,3) fd ue",OMA081_v01_EXAM_003,Kurs1_IVA_OMA081.pdf,medium,extraction_method=ocr_swe_70dpi_cached
OMA081_v01_MODULE_003,OMA081_MODULE_003,baseline,OMA081,OMA081_v01,1,yes,Specialistsjuksköterskeprogrammet - inriktning intensivvård,Avancerad nivå,OMA081,Avancerad omvårdnad med inriktning mot intensivvård I,0003,"Tentamen, individuell (lärandernål 7) hp VG",missing,3,"0003 Tentamen, individuell (lärandernål 7) hp VG",OMA081_v01_EXAM_004,Kurs1_IVA_OMA081.pdf,medium,extraction_method=ocr_swe_70dpi_cached
OMA081_v01_MODULE_004,OMA081_MODULE_004,baseline,OMA081,OMA081_v01,1,yes,Specialistsjuksköterskeprogrammet - inriktning intensivvård,Avancerad nivå,OMA081,Avancerad omvårdnad med inriktning mot intensivvård I,0004,"Seminarium, individuell bedömning (lärandemål 8) hm va",missing,4,"0004 Seminarium, individuell bedömning (lärandemål 8) hm va",OMA081_v01_EXAM_005,Kurs1_IVA_OMA081.pdf,medium,extraction_method=ocr_swe_70dpi_cached
OMA081_v01_MODULE_005,OMA081_MODULE_005,baseline,OMA081,OMA081_v01,1,yes,Specialistsjuksköterskeprogrammet - inriktning intensivvård,Avancerad nivå,OMA081,Avancerad omvårdnad med inriktning mot intensivvård I,0005,"Klinisk examination, individuell (lärandemål 9) hp VG",missing,5,"0005 Klinisk examination, individuell (lärandemål 9) hp VG",OMA081_v01_EXAM_006,Kurs1_IVA_OMA081.pdf,medium,extraction_method=ocr_swe_70dpi_cached
OMA081_v01_MODULE_006,OMA081_MODULE_006,baseline,OMA081,OMA081_v01,1,yes,Specialistsjuksköterskeprogrammet - inriktning intensivvård,Avancerad nivå,OMA081,Avancerad omvårdnad med inriktning mot intensivvård I,0006,"Tentamen, individuell (lärandemål 4,5,6) fp W",missing,6,"0006 Tentamen, individuell (lärandemål 4,5,6) fp W",OMA081_v01_EXAM_007,Kurs1_IVA_OMA081.pdf,medium,extraction_method=ocr_swe_70dpi_cached
OMA081_v01_MODULE_007,OMA081_MODULE_007,baseline,OMA081,OMA081_v01,1,yes,Specialistsjuksköterskeprogrammet - inriktning intensivvård,Avancerad nivå,OMA081,Avancerad omvårdnad med inriktning mot intensivvård I,0007,"Seminarium, individuell bedömning (lärandemål 10) 1",missing,7,"0007 Seminarium, individuell bedömning (lärandemål 10) 1 UG",OMA081_v01_EXAM_008,Kurs1_IVA_OMA081.pdf,medium,extraction_method=ocr_swe_70dpi_cached
OMA081_v01_MODULE_008,OMA081_MODULE_008,baseline,OMA081,OMA081_v01,1,yes,Specialistsjuksköterskeprogrammet - inriktning intensivvård,Avancerad nivå,OMA081,Avancerad omvårdnad med inriktning mot intensivvård I,9008,bedömning (lärandemål 17) np OM,missing,8,9008 bedömning (lärandemål 17) np OM,OMA081_v01_EXAM_009,Kurs1_IVA_OMA081.pdf,medium,extraction_method=ocr_swe_70dpi_cached
OMA081_v01_MODULE_009,OMA081_MODULE_009,baseline,OMA081,OMA081_v01,1,yes,Specialistsjuksköterskeprogrammet - inriktning intensivvård,Avancerad nivå,OMA081,Avancerad omvårdnad med inriktning mot intensivvård I,9009,bedömning (lärandemål 11) hp,missing,9,9009 bedömning (lärandemål 11) hp,OMA081_v01_EXAM_010,Kurs1_IVA_OMA081.pdf,medium,extraction_method=ocr_swe_70dpi_cached
OMA081_v01_MODULE_010,OMA081_MODULE_010,baseline,OMA081,OMA081_v01,1,yes,Specialistsjuksköterskeprogrammet - inriktning intensivvård,Avancerad nivå,OMA081,Avancerad omvårdnad med inriktning mot intensivvård I,0010,fastställda kriterier samt lärandemål med muntlig [,missing,10,0010 fastställda kriterier samt lärandemål med muntlig [,OMA081_v01_EXAM_011,Kurs1_IVA_OMA081.pdf,medium,extraction_method=ocr_swe_70dpi_cached
OMA405_v01_MODULE_001,OMA405_MODULE_001,baseline,OMA405,OMA405_v01,1,yes,Specialistsjuksköterskeprogrammet - inriktning intensivvård,Avancerad nivå,OMA405,Avancerad omvårdnad med inriktning mot intensivvård II,0001,"Tentamen, individuell (lärandemål 1) hp W",missing,1,"0001 Tentamen, individuell (lärandemål 1) hp W",OMA405_v01_EXAM_002,Kurs3_IVA_OMA405.pdf,medium,extraction_method=ocr_swe_70dpi_cached
OMA405_v01_MODULE_002,OMA405_MODULE_002,baseline,OMA405,OMA405_v01,1,yes,Specialistsjuksköterskeprogrammet - inriktning intensivvård,Avancerad nivå,OMA405,Avancerad omvårdnad med inriktning mot intensivvård II,0002,bedömning (lärandemåt 2) hp US,missing,2,0002 bedömning (lärandemåt 2) hp US,OMA405_v01_EXAM_003,Kurs3_IVA_OMA405.pdf,medium,extraction_method=ocr_swe_70dpi_cached
OMA405_v01_MODULE_003,OMA405_MODULE_003,baseline,OMA405,OMA405_v01,1,yes,Specialistsjuksköterskeprogrammet - inriktning intensivvård,Avancerad nivå,OMA405,Avancerad omvårdnad med inriktning mot intensivvård II,0003,"Skriftlig examination, individuell (lärandernål 3) hp Ww",missing,3,"0003 Skriftlig examination, individuell (lärandernål 3) hp Ww",OMA405_v01_EXAM_004,Kurs3_IVA_OMA405.pdf,medium,extraction_method=ocr_swe_70dpi_cached
OMA405_v01_MODULE_004,OMA405_MODULE_004,baseline,OMA405,OMA405_v01,1,yes,Specialistsjuksköterskeprogrammet - inriktning intensivvård,Avancerad nivå,OMA405,Avancerad omvårdnad med inriktning mot intensivvård II,0004,missing,1,4,0004 1 hp UG,OMA405_v01_EXAM_005,Kurs3_IVA_OMA405.pdf,medium,extraction_method=ocr_swe_70dpi_cached
OMA405_v01_MODULE_005,OMA405_MODULE_005,baseline,OMA405,OMA405_v01,1,yes,Specialistsjuksköterskeprogrammet - inriktning intensivvård,Avancerad nivå,OMA405,Avancerad omvårdnad med inriktning mot intensivvård II,0005,5) hp,missing,5,0005 5) hp UG,OMA405_v01_EXAM_006,Kurs3_IVA_OMA405.pdf,medium,extraction_method=ocr_swe_70dpi_cached
OMA405_v01_MODULE_006,OMA405_MODULE_006,baseline,OMA405,OMA405_v01,1,yes,Specialistsjuksköterskeprogrammet - inriktning intensivvård,Avancerad nivå,OMA405,Avancerad omvårdnad med inriktning mot intensivvård II,0006,"Skriftlig examination, individuell (lärandernål 10) hp Ww",missing,6,"0006 Skriftlig examination, individuell (lärandernål 10) hp Ww",OMA405_v01_EXAM_007,Kurs3_IVA_OMA405.pdf,medium,extraction_method=ocr_swe_70dpi_cached
OMA405_v01_MODULE_007,OMA405_MODULE_007,baseline,OMA405,OMA405_v01,1,yes,Specialistsjuksköterskeprogrammet - inriktning intensivvård,Avancerad nivå,OMA405,Avancerad omvårdnad med inriktning mot intensivvård II,0007,"Seminarium, individuell bedömning (lärandemål 1) hö",missing,7,"0007 Seminarium, individuell bedömning (lärandemål 1) hö UG",OMA405_v01_EXAM_008,Kurs3_IVA_OMA405.pdf,medium,extraction_method=ocr_swe_70dpi_cached
OMA405_v01_MODULE_008,OMA405_MODULE_008,baseline,OMA405,OMA405_v01,1,yes,Specialistsjuksköterskeprogrammet - inriktning intensivvård,Avancerad nivå,OMA405,Avancerad omvårdnad med inriktning mot intensivvård II,0008,fastställda kriterier och lärandemål med muntlig 2 ue,missing,8,0008 fastställda kriterier och lärandemål med muntlig 2 ue,OMA405_v01_EXAM_009,Kurs3_IVA_OMA405.pdf,medium,extraction_method=ocr_swe_70dpi_cached
OMA041_v01_MODULE_001,OMA041_MODULE_001,baseline,OMA041,OMA041_v01,1,yes,Specialistsjuksköterskeprogrammet - inriktning distriktssköterska,Avancerad nivå,OMA041,"Folksjukdomar, omvårdnad och folkhälsoarbete inom distriktssköterskans ansvarsområde",0007,individuell bedömning (lärandemål 1) hp,missing,1,0007 individuell bedömning (lärandemål 1) hp,OMA041_v01_EXAM_004,Kurs1_Distrikt_OMA041.pdf,medium,extraction_method=ocr_swe_70dpi_cached
OMA041_v01_MODULE_002,OMA041_MODULE_002,baseline,OMA041,OMA041_v01,1,yes,Specialistsjuksköterskeprogrammet - inriktning distriktssköterska,Avancerad nivå,OMA041,"Folksjukdomar, omvårdnad och folkhälsoarbete inom distriktssköterskans ansvarsområde",0002,"Tentamen, individuell Folksjukdomar (lärandemäl 2) — 25 Uv",missing,2,"0002 Tentamen, individuell Folksjukdomar (lärandemäl 2) — 25 Uv",OMA041_v01_EXAM_005,Kurs1_Distrikt_OMA041.pdf,medium,extraction_method=ocr_swe_70dpi_cached
OMA041_v01_MODULE_003,OMA041_MODULE_003,baseline,OMA041,OMA041_v01,1,yes,Specialistsjuksköterskeprogrammet - inriktning distriktssköterska,Avancerad nivå,OMA041,"Folksjukdomar, omvårdnad och folkhälsoarbete inom distriktssköterskans ansvarsområde",0004,vorksamhetstörlaga utbildning inom primärvård enligt i,missing,3,0004 vorksamhetstörlaga utbildning inom primärvård enligt i UG,OMA041_v01_EXAM_006,Kurs1_Distrikt_OMA041.pdf,medium,extraction_method=ocr_swe_70dpi_cached
OMA041_v01_MODULE_004,OMA041_MODULE_004,baseline,OMA041,OMA041_v01,1,yes,Specialistsjuksköterskeprogrammet - inriktning distriktssköterska,Avancerad nivå,OMA041,"Folksjukdomar, omvårdnad och folkhälsoarbete inom distriktssköterskans ansvarsområde",0006,verksamnetstörlagd utbildning inom hemsjukvård enligt 43,missing,4,0006 verksamnetstörlagd utbildning inom hemsjukvård enligt 43 UV,OMA041_v01_EXAM_007,Kurs1_Distrikt_OMA041.pdf,medium,extraction_method=ocr_swe_70dpi_cached
MVA309_v01_MODULE_001,MVA309_MODULE_001,baseline,MVA309,MVA309_v01,1,yes,Specialistsjuksköterskeprogrammet - inriktning distriktssköterska,Avancerad nivå,MVA309,Farmakologi och sjukdomslära - förskrivningsrätt,0010,"Tentamen, individuell (lärandemål 1, 2, 3)",20,1,"0010 Tentamen, individuell (lärandemål 1, 2, 3) 20hp",MVA309_v01_EXAM_003,Kurs2_Distrikt_MVA309.pdf,medium,extraction_method=ocr_swe_70dpi_cached
OMA043_v01_MODULE_001,OMA043_MODULE_001,baseline,OMA043,OMA043_v01,1,yes,Specialistsjuksköterskeprogrammet - inriktning distriktssköterska,Avancerad nivå,OMA043,"Distriktssköterskans hälsofrämjande, preventiva och vårdande arbete med barn och ungdomar",2997,bedömning (lärandemål 1) hp ve,missing,1,2997 bedömning (lärandemål 1) hp ve,OMA043_v01_EXAM_006,Kurs4_Distrikt_OMA043.pdf,medium,extraction_method=ocr_swe_70dpi_cached
OMA043_v01_MODULE_002,OMA043_MODULE_002,baseline,OMA043,OMA043_v01,1,yes,Specialistsjuksköterskeprogrammet - inriktning distriktssköterska,Avancerad nivå,OMA043,"Distriktssköterskans hälsofrämjande, preventiva och vårdande arbete med barn och ungdomar",9092,bedömning (lärandemål 2) hp ve,missing,2,9092 bedömning (lärandemål 2) hp ve,OMA043_v01_EXAM_007,Kurs4_Distrikt_OMA043.pdf,medium,extraction_method=ocr_swe_70dpi_cached
OMA043_v01_MODULE_003,OMA043_MODULE_003,baseline,OMA043,OMA043_v01,1,yes,Specialistsjuksköterskeprogrammet - inriktning distriktssköterska,Avancerad nivå,OMA043,"Distriktssköterskans hälsofrämjande, preventiva och vårdande arbete med barn och ungdomar",9004,bedömning (lärandernål 4) hp v6,missing,3,9004 bedömning (lärandernål 4) hp v6,OMA043_v01_EXAM_008,Kurs4_Distrikt_OMA043.pdf,medium,extraction_method=ocr_swe_70dpi_cached
OMA043_v01_MODULE_004,OMA043_MODULE_004,baseline,OMA043,OMA043_v01,1,yes,Specialistsjuksköterskeprogrammet - inriktning distriktssköterska,Avancerad nivå,OMA043,"Distriktssköterskans hälsofrämjande, preventiva och vårdande arbete med barn och ungdomar",9008,"grupp-), individuell bedömning (lärandemål 10) hp ve",missing,4,"9008 grupp-), individuell bedömning (lärandemål 10) hp ve",OMA043_v01_EXAM_009,Kurs4_Distrikt_OMA043.pdf,medium,extraction_method=ocr_swe_70dpi_cached
OMA042_v01_MODULE_001,OMA042_MODULE_001,baseline,OMA042,OMA042_v01,1,yes,Specialistsjuksköterskeprogrammet - inriktning distriktssköterska,Avancerad nivå,OMA042,Omvårdnad och folkhälsoarbete samt ledning och utveckling inom distriktssköterskans ansvarsområde,0007,bedömning (lärandemål 1) hp WV,missing,1,0007 bedömning (lärandemål 1) hp WV,OMA042_v01_EXAM_003,Kurs5_Distrikt_OMA042.pdf,medium,extraction_method=ocr_swe_70dpi_cached
OMA042_v01_MODULE_002,OMA042_MODULE_002,baseline,OMA042,OMA042_v01,1,yes,Specialistsjuksköterskeprogrammet - inriktning distriktssköterska,Avancerad nivå,OMA042,Omvårdnad och folkhälsoarbete samt ledning och utveckling inom distriktssköterskans ansvarsområde,9092,bedömning (lärandemål 2) hp 6,missing,2,9092 bedömning (lärandemål 2) hp 6,OMA042_v01_EXAM_004,Kurs5_Distrikt_OMA042.pdf,medium,extraction_method=ocr_swe_70dpi_cached
OMA042_v01_MODULE_003,OMA042_MODULE_003,baseline,OMA042,OMA042_v01,1,yes,Specialistsjuksköterskeprogrammet - inriktning distriktssköterska,Avancerad nivå,OMA042,Omvårdnad och folkhälsoarbete samt ledning och utveckling inom distriktssköterskans ansvarsområde,0003,"Skriftig examination, individuell (lärandemåt 3) »ow",missing,3,"0003 Skriftig examination, individuell (lärandemåt 3) »ow",OMA042_v01_EXAM_005,Kurs5_Distrikt_OMA042.pdf,medium,extraction_method=ocr_swe_70dpi_cached
OMA042_v01_MODULE_004,OMA042_MODULE_004,baseline,OMA042,OMA042_v01,1,yes,Specialistsjuksköterskeprogrammet - inriktning distriktssköterska,Avancerad nivå,OMA042,Omvårdnad och folkhälsoarbete samt ledning och utveckling inom distriktssköterskans ansvarsområde,0008,verksamhetsförlagd utbildning Inom primärvård enligt — 3,missing,4,0008 verksamhetsförlagd utbildning Inom primärvård enligt — 3 UV,OMA042_v01_EXAM_006,Kurs5_Distrikt_OMA042.pdf,medium,extraction_method=ocr_swe_70dpi_cached
OMA709_v01_MODULE_001,OMA709_MODULE_001,baseline,OMA709,OMA709_v01,1,yes,Specialistsjuksköterskeprogrammet - inriktning distriktssköterska,Avancerad nivå,OMA709,Examensarbete inom distriktssköterskans kunskapsområde,0001,"Självständigt arbete, individuell bedömning. I",80,1,"0001 Självständigt arbete, individuell bedömning. I80hp UV",OMA709_v01_EXAM_002,Kurs6_Distrikt_OMA709.pdf,medium,extraction_method=ocr_swe_70dpi_cached
OMA132_v01_MODULE_001,OMA132_MODULE_001,baseline,OMA132,OMA132_v01,1,yes,Specialistsjuksköterskeprogrammet - inriktning vård av äldre,Avancerad nivå,OMA132,Omvårdnad - Vetenskaplig metod och teori avancerad nivå,0010,"Skriftlig examination, individuell (lärandemål 1)",15,1,"0010 Skriftlig examination, individuell (lärandemål 1) 15 hp UV",OMA132_v01_EXAM_002,Kurs2_äldre_OMA132.pdf,medium,extraction_method=ocr_swe_70dpi_cached
OMA132_v01_MODULE_002,OMA132_MODULE_002,baseline,OMA132,OMA132_v01,1,yes,Specialistsjuksköterskeprogrammet - inriktning vård av äldre,Avancerad nivå,OMA132,Omvårdnad - Vetenskaplig metod och teori avancerad nivå,0020,"Skriftlig examination, individuell(lärandemål 2)",missing,2,"0020 Skriftlig examination, individuell(lärandemål 2)",OMA132_v01_EXAM_003,Kurs2_äldre_OMA132.pdf,medium,extraction_method=ocr_swe_70dpi_cached
OMA133_v01_MODULE_001,OMA133_MODULE_001,baseline,OMA133,OMA133_v01,1,yes,Specialistsjuksköterskeprogrammet - inriktning vård av äldre,Avancerad nivå,OMA133,Äldres sjukdomar - vård och behandling,0010,"Skriftlig examination, individuell (lärandemål 1)",missing,1,"0010 Skriftlig examination, individuell (lärandemål 1)",OMA133_v01_EXAM_002,Kurs3_äldre_OMA133.pdf,medium,extraction_method=ocr_swe_70dpi_cached
OMA133_v01_MODULE_002,OMA133_MODULE_002,baseline,OMA133,OMA133_v01,1,yes,Specialistsjuksköterskeprogrammet - inriktning vård av äldre,Avancerad nivå,OMA133,Äldres sjukdomar - vård och behandling,0030,"samt muntlig presentation av gruppuppgift, individuell",missing,2,"0030 samt muntlig presentation av gruppuppgift, individuell",OMA133_v01_EXAM_003,Kurs3_äldre_OMA133.pdf,medium,extraction_method=ocr_swe_70dpi_cached
MVA308_v01_MODULE_001,MVA308_MODULE_001,baseline,MVA308,MVA308_v01,1,yes,Specialistsjuksköterskeprogrammet - inriktning vård av äldre,Avancerad nivå,MVA308,Geriatrisk farmakologi och delegering,0010,"Tentamen, individuell (lärandemål 1)",missing,1,"0010 Tentamen, individuell (lärandemål 1)",MVA308_v01_EXAM_002,Kurs4_äldre_MVA308.pdf,medium,extraction_method=ocr_swe_70dpi_cached
MVA308_v01_MODULE_002,MVA308_MODULE_002,baseline,MVA308,MVA308_v01,1,yes,Specialistsjuksköterskeprogrammet - inriktning vård av äldre,Avancerad nivå,MVA308,Geriatrisk farmakologi och delegering,0021,"Seminarium, individuell bedömning (lärandemål 2)",missing,2,"0021 Seminarium, individuell bedömning (lärandemål 2)",MVA308_v01_EXAM_003,Kurs4_äldre_MVA308.pdf,medium,extraction_method=ocr_swe_70dpi_cached
OMA135_v01_MODULE_001,OMA135_MODULE_001,baseline,OMA135,OMA135_v01,1,yes,Specialistsjuksköterskeprogrammet - inriktning vård av äldre,Avancerad nivå,OMA135,"Palliativ vård, omvårdnad och avancerad hemsjukvård av äldre i livets slut",0010,"Seminarium, individuell bedömning (lårandemål 1-2)",missing,1,"0010 Seminarium, individuell bedömning (lårandemål 1-2)",OMA135_v01_EXAM_002,Kurs5_äldre_OMA135.pdf,medium,extraction_method=ocr_swe_70dpi_cached
OMA708_v01_MODULE_001,OMA708_MODULE_001,baseline,OMA708,OMA708_v01,1,yes,Specialistsjuksköterskeprogrammet - inriktning vård av äldre,Avancerad nivå,OMA708,Omvårdnad- Examensarbete inom vård av äldres kunskapsområde,9010,"(lärandermål 1,2)",missing,1,"9010 (lärandermål 1,2)",OMA708_v01_EXAM_002,Kurs7_äldre_OMA708.pdf,medium,extraction_method=ocr_swe_70dpi_cached
MVG501_v01_MODULE_001,MVG501_MODULE_001,baseline,MVG501,MVG501_v01,1,yes,Kompletterande utbildning för sjuksköterskor med utländsk examen från land utanför EU/EES och Schweiz,Grundnivå,MVG501,"Mikrobiologi, farmakologi och läkemedelsberäkning",0010,"Tentamen, individuell (lärandemål 1-3)",2.0,1,"0010 Tentamen, individuell (lärandemål 1-3) 2.0 hp UG",MVG501_v01_EXAM_002,Kurs1_kusk_MVG501.pdf,medium,extraction_method=ocr_swe_70dpi_cached
OMG514_v01_MODULE_001,OMG514_MODULE_001,baseline,OMG514,OMG514_v01,1,yes,Kompletterande utbildning för sjuksköterskor med utländsk examen från land utanför EU/EES och Schweiz,Grundnivå,OMG514,Omvårdnad som vetenskap och sjuksköterskans arbetsområde inom svensk hälso- och sjukvård,0030,"Seminarium, individuell bedömning (lärandemät.s) — 25 uG",missing,1,"0030 Seminarium, individuell bedömning (lärandemät.s) — 25 uG",OMG514_v01_EXAM_004,Kurs2_kusk_OMG514.pdf,medium,extraction_method=ocr_swe_70dpi_cached
OMG514_v01_MODULE_002,OMG514_MODULE_002,baseline,OMG514,OMG514_v01,1,yes,Kompletterande utbildning för sjuksköterskor med utländsk examen från land utanför EU/EES och Schweiz,Grundnivå,OMG514,Omvårdnad som vetenskap och sjuksköterskans arbetsområde inom svensk hälso- och sjukvård,0040,"Seminarium, individuell bedömning (lårandemåt.e) — 25 uG",missing,2,"0040 Seminarium, individuell bedömning (lårandemåt.e) — 25 uG",OMG514_v01_EXAM_005,Kurs2_kusk_OMG514.pdf,medium,extraction_method=ocr_swe_70dpi_cached
OMG514_v01_MODULE_003,OMG514_MODULE_003,baseline,OMG514,OMG514_v01,1,yes,Kompletterande utbildning för sjuksköterskor med utländsk examen från land utanför EU/EES och Schweiz,Grundnivå,OMG514,Omvårdnad som vetenskap och sjuksköterskans arbetsområde inom svensk hälso- och sjukvård,0070,"Skriftig examination, individuell (ärandemåt. 30) — 13 ua",missing,3,"0070 Skriftig examination, individuell (ärandemåt. 30) — 13 ua",OMG514_v01_EXAM_006,Kurs2_kusk_OMG514.pdf,medium,extraction_method=ocr_swe_70dpi_cached
OMG515_v01_MODULE_001,OMG515_MODULE_001,baseline,OMG515,OMG515_v01,1,yes,Kompletterande utbildning för sjuksköterskor med utländsk examen från land utanför EU/EES och Schweiz,Grundnivå,OMG515,Vård och omvårdnad vid ohälsa och sjukdom I,0010,"Tentamen, individuell (lärandemål 1-3)  6",50,1,"0010 Tentamen, individuell (lärandemål 1-3) 50 hp 6",OMG515_v01_EXAM_003,Kurs3_kusk_OMG515.pdf,medium,extraction_method=ocr_swe_70dpi_cached
OMG515_v01_MODULE_002,OMG515_MODULE_002,baseline,OMG515,OMG515_v01,1,yes,Kompletterande utbildning för sjuksköterskor med utländsk examen från land utanför EU/EES och Schweiz,Grundnivå,OMG515,Vård och omvårdnad vid ohälsa och sjukdom I,0030,"Klinisk färdighetsträning, individuell (lärandermål 5) —",0.5,2,"0030 Klinisk färdighetsträning, individuell (lärandermål 5) — 0.5 hp UG",OMG515_v01_EXAM_004,Kurs3_kusk_OMG515.pdf,medium,extraction_method=ocr_swe_70dpi_cached
OMG517_v01_MODULE_001,OMG517_MODULE_001,baseline,OMG517,OMG517_v01,1,yes,Kompletterande utbildning för sjuksköterskor med utländsk examen från land utanför EU/EES och Schweiz,Grundnivå,OMG517,Klinisk utbildning inom primärvård och psykiatri,0010,"Seminarium, individuell bedömning (lärandemål 1)",missing,1,"0010 Seminarium, individuell bedömning (lärandemål 1)",OMG517_v01_EXAM_002,Kurs4_kusk_OMG517.pdf,medium,extraction_method=ocr_swe_70dpi_cached
OMG516_v01_MODULE_001,OMG516_MODULE_001,baseline,OMG516,OMG516_v01,1,yes,Kompletterande utbildning för sjuksköterskor med utländsk examen från land utanför EU/EES och Schweiz,Grundnivå,OMG516,"Etik, kommunikation samt klinisk färdighetsträning",0010,"Seminarium, individuell bedömning (lärandemål 1) —",1.0,1,"0010 Seminarium, individuell bedömning (lärandemål 1) — 1.0 hp UG",OMG516_v01_EXAM_003,Kurs5_kusk_OMG516.pdf,medium,extraction_method=ocr_swe_70dpi_cached
OMG516_v01_MODULE_002,OMG516_MODULE_002,baseline,OMG516,OMG516_v01,1,yes,Kompletterande utbildning för sjuksköterskor med utländsk examen från land utanför EU/EES och Schweiz,Grundnivå,OMG516,"Etik, kommunikation samt klinisk färdighetsträning",0020,"Seminarium, individuell bedömning (lärandemäl 2) —",0.5,2,"0020 Seminarium, individuell bedömning (lärandemäl 2) — 0.5 hp UG",OMG516_v01_EXAM_004,Kurs5_kusk_OMG516.pdf,medium,extraction_method=ocr_swe_70dpi_cached
OMG516_v01_MODULE_003,OMG516_MODULE_003,baseline,OMG516,OMG516_v01,1,yes,Kompletterande utbildning för sjuksköterskor med utländsk examen från land utanför EU/EES och Schweiz,Grundnivå,OMG516,"Etik, kommunikation samt klinisk färdighetsträning",0070,"Klinisk färdighetsträning, individuell (lärandemål 8) —",0.5,3,"0070 Klinisk färdighetsträning, individuell (lärandemål 8) — 0.5 hp UG",OMG516_v01_EXAM_005,Kurs5_kusk_OMG516.pdf,medium,extraction_method=ocr_swe_70dpi_cached
OMG519_v01_MODULE_001,OMG519_MODULE_001,baseline,OMG519,OMG519_v01,1,yes,Kompletterande utbildning för sjuksköterskor med utländsk examen från land utanför EU/EES och Schweiz,Grundnivå,OMG519,Vård och omvårdnad vid ohälsa och sjukdom II,0010,"Tentamen, individuell (lärandemål 1,2)",45,1,"0010 Tentamen, individuell (lärandemål 1,2) 45hp EC",OMG519_v01_EXAM_003,Kurs6_kusk_OMG519.pdf,medium,extraction_method=ocr_swe_70dpi_cached
OMG519_v01_MODULE_002,OMG519_MODULE_002,baseline,OMG519,OMG519_v01,1,yes,Kompletterande utbildning för sjuksköterskor med utländsk examen från land utanför EU/EES och Schweiz,Grundnivå,OMG519,Vård och omvårdnad vid ohälsa och sjukdom II,0030,"Klinisk färdighetsträning, individuell (lärandermål 4) —",0.5,2,"0030 Klinisk färdighetsträning, individuell (lärandermål 4) — 0.5 hp UG",OMG519_v01_EXAM_004,Kurs6_kusk_OMG519.pdf,medium,extraction_method=ocr_swe_70dpi_cached
OMG518_v01_MODULE_001,OMG518_MODULE_001,baseline,OMG518,OMG518_v01,1,yes,Kompletterande utbildning för sjuksköterskor med utländsk examen från land utanför EU/EES och Schweiz,Grundnivå,OMG518,Klinisk utbildning inom kommunal vård och omsorg,0010,fastotällda kriterier och Urandemål med muntlig — fi,missing,1,0010 fastotällda kriterier och Urandemål med muntlig — fi UG,OMG518_v01_EXAM_004,Kurs7_kusk_OMG518.pdf,medium,extraction_method=ocr_swe_70dpi_cached
OMG518_v01_MODULE_002,OMG518_MODULE_002,baseline,OMG518,OMG518_v01,1,yes,Kompletterande utbildning för sjuksköterskor med utländsk examen från land utanför EU/EES och Schweiz,Grundnivå,OMG518,Klinisk utbildning inom kommunal vård och omsorg,0030,"Tentamen, individuell (årandemål 8) 2 ve",missing,2,"0030 Tentamen, individuell (årandemål 8) 2 ve",OMG518_v01_EXAM_005,Kurs7_kusk_OMG518.pdf,medium,extraction_method=ocr_swe_70dpi_cached
OMG520_v01_MODULE_001,OMG520_MODULE_001,baseline,OMG520,OMG520_v01,1,yes,Kompletterande utbildning för sjuksköterskor med utländsk examen från land utanför EU/EES och Schweiz,Grundnivå,OMG520,Klinisk utbildning med fokus på komplexa omvårdnadsbehov,0010,"Seminarium, individuell bedömning (irandemål) 25 uG",missing,1,"0010 Seminarium, individuell bedömning (irandemål) 25 uG",OMG520_v01_EXAM_006,Kurs8_kusk_OMG520.pdf,medium,extraction_method=ocr_swe_70dpi_cached
OMG520_v01_MODULE_002,OMG520_MODULE_002,baseline,OMG520,OMG520_v01,1,yes,Kompletterande utbildning för sjuksköterskor med utländsk examen från land utanför EU/EES och Schweiz,Grundnivå,OMG520,Klinisk utbildning med fokus på komplexa omvårdnadsbehov,9020,bedömning (lärandernål 2) hp VG6,missing,2,9020 bedömning (lärandernål 2) hp VG6,OMG520_v01_EXAM_007,Kurs8_kusk_OMG520.pdf,medium,extraction_method=ocr_swe_70dpi_cached
OMG520_v01_MODULE_003,OMG520_MODULE_003,baseline,OMG520,OMG520_v01,1,yes,Kompletterande utbildning för sjuksköterskor med utländsk examen från land utanför EU/EES och Schweiz,Grundnivå,OMG520,Klinisk utbildning med fokus på komplexa omvårdnadsbehov,0030,"Sorinarlum, individuell bedömning (ärandemåt I) — 19 ua",missing,3,"0030 Sorinarlum, individuell bedömning (ärandemåt I) — 19 ua",OMG520_v01_EXAM_008,Kurs8_kusk_OMG520.pdf,medium,extraction_method=ocr_swe_70dpi_cached
OMG520_v01_MODULE_004,OMG520_MODULE_004,baseline,OMG520,OMG520_v01,1,yes,Kompletterande utbildning för sjuksköterskor med utländsk examen från land utanför EU/EES och Schweiz,Grundnivå,OMG520,Klinisk utbildning med fokus på komplexa omvårdnadsbehov,0060,"Seminarium, individuell bedömning (lärandemål 17)",missing,4,"0060 Seminarium, individuell bedömning (lärandemål 17)",OMG520_v01_EXAM_009,Kurs8_kusk_OMG520.pdf,medium,extraction_method=ocr_swe_70dpi_cached
OMG520_v01_MODULE_005,OMG520_MODULE_005,baseline,OMG520,OMG520_v01,1,yes,Kompletterande utbildning för sjuksköterskor med utländsk examen från land utanför EU/EES och Schweiz,Grundnivå,OMG520,Klinisk utbildning med fokus på komplexa omvårdnadsbehov,0070,"Seminarium, individuell bedömning (lärandemål 18)",missing,5,"0070 Seminarium, individuell bedömning (lärandemål 18)",OMG520_v01_EXAM_010,Kurs8_kusk_OMG520.pdf,medium,extraction_method=ocr_swe_70dpi_cached
OMG520_v01_MODULE_006,OMG520_MODULE_006,baseline,OMG520,OMG520_v01,1,yes,Kompletterande utbildning för sjuksköterskor med utländsk examen från land utanför EU/EES och Schweiz,Grundnivå,OMG520,Klinisk utbildning med fokus på komplexa omvårdnadsbehov,0080,"Seminarium, individuell bedömning (lärandemål 19)",missing,6,"0080 Seminarium, individuell bedömning (lärandemål 19)",OMG520_v01_EXAM_011,Kurs8_kusk_OMG520.pdf,medium,extraction_method=ocr_swe_70dpi_cached
OMG520_v01_MODULE_007,OMG520_MODULE_007,baseline,OMG520,OMG520_v01,1,yes,Kompletterande utbildning för sjuksköterskor med utländsk examen från land utanför EU/EES och Schweiz,Grundnivå,OMG520,Klinisk utbildning med fokus på komplexa omvårdnadsbehov,0090,"Klinisk examination, individuell (lärandemål 20)",missing,7,"0090 Klinisk examination, individuell (lärandemål 20)",OMG520_v01_EXAM_012,Kurs8_kusk_OMG520.pdf,medium,extraction_method=ocr_swe_70dpi_cached
OMG520_v01_MODULE_008,OMG520_MODULE_008,baseline,OMG520,OMG520_v01,1,yes,Kompletterande utbildning för sjuksköterskor med utländsk examen från land utanför EU/EES och Schweiz,Grundnivå,OMG520,Klinisk utbildning med fokus på komplexa omvårdnadsbehov,0100,"Tentamen, individuell (lärandemål 21)",missing,8,"0100 Tentamen, individuell (lärandemål 21)",OMG520_v01_EXAM_013,Kurs8_kusk_OMG520.pdf,medium,extraction_method=ocr_swe_70dpi_cached
MVG201_v01_MODULE_001,MVG201_MODULE_001,baseline,MVG201,MVG201_v01,1,yes,Sjuksköterskeprogrammet,Grundnivå,MVG201,Introduktion till omvårdnad som arbetsområde och vetenskap samt fysiologi och anatomi del I,0001,"Klinisk färdighetsträning, individuell samt seminarium,",missing,1,"0001 Klinisk färdighetsträning, individuell samt seminarium,",MVG201_v01_EXAM_009,Kurs1_sskgrund_MVG201.pdf,high,extraction_method=pdf_text_extraction_cached
MVG201_v01_MODULE_002,MVG201_MODULE_002,baseline,MVG201,MVG201_v01,1,yes,Sjuksköterskeprogrammet,Grundnivå,MVG201,Introduktion till omvårdnad som arbetsområde och vetenskap samt fysiologi och anatomi del I,0002,"Muntlig gruppresentation av uppgift, individuell",missing,2,"0002 Muntlig gruppresentation av uppgift, individuell",MVG201_v01_EXAM_010,Kurs1_sskgrund_MVG201.pdf,high,extraction_method=pdf_text_extraction_cached
MVG201_v01_MODULE_003,MVG201_MODULE_003,baseline,MVG201,MVG201_v01,1,yes,Sjuksköterskeprogrammet,Grundnivå,MVG201,Introduktion till omvårdnad som arbetsområde och vetenskap samt fysiologi och anatomi del I,0003,"Muntlig gruppresentation av uppgift, individuell",missing,3,"0003 Muntlig gruppresentation av uppgift, individuell",MVG201_v01_EXAM_011,Kurs1_sskgrund_MVG201.pdf,high,extraction_method=pdf_text_extraction_cached
MVG201_v01_MODULE_004,MVG201_MODULE_004,baseline,MVG201,MVG201_v01,1,yes,Sjuksköterskeprogrammet,Grundnivå,MVG201,Introduktion till omvårdnad som arbetsområde och vetenskap samt fysiologi och anatomi del I,0004,"Muntlig gruppresentation av uppgift, individuell",missing,4,"0004 Muntlig gruppresentation av uppgift, individuell",MVG201_v01_EXAM_012,Kurs1_sskgrund_MVG201.pdf,high,extraction_method=pdf_text_extraction_cached
MVG201_v01_MODULE_005,MVG201_MODULE_005,baseline,MVG201,MVG201_v01,1,yes,Sjuksköterskeprogrammet,Grundnivå,MVG201,Introduktion till omvårdnad som arbetsområde och vetenskap samt fysiologi och anatomi del I,0005,"Tentamen, individuell (mål 6)",missing,5,"0005 Tentamen, individuell (mål 6)",MVG201_v01_EXAM_013,Kurs1_sskgrund_MVG201.pdf,high,extraction_method=pdf_text_extraction_cached
MVG201_v01_MODULE_006,MVG201_MODULE_006,baseline,MVG201,MVG201_v01,1,yes,Sjuksköterskeprogrammet,Grundnivå,MVG201,Introduktion till omvårdnad som arbetsområde och vetenskap samt fysiologi och anatomi del I,0006,"Muntlig gruppresentation av uppgift, individuell",missing,6,"0006 Muntlig gruppresentation av uppgift, individuell",MVG201_v01_EXAM_014,Kurs1_sskgrund_MVG201.pdf,high,extraction_method=pdf_text_extraction_cached
MVG201_v01_MODULE_007,MVG201_MODULE_007,baseline,MVG201,MVG201_v01,1,yes,Sjuksköterskeprogrammet,Grundnivå,MVG201,Introduktion till omvårdnad som arbetsområde och vetenskap samt fysiologi och anatomi del I,0007,"Tentamen, individuell (mål 8)",missing,7,"0007 Tentamen, individuell (mål 8)",MVG201_v01_EXAM_015,Kurs1_sskgrund_MVG201.pdf,high,extraction_method=pdf_text_extraction_cached
MVG201_v01_MODULE_008,MVG201_MODULE_008,baseline,MVG201,MVG201_v01,1,yes,Sjuksköterskeprogrammet,Grundnivå,MVG201,Introduktion till omvårdnad som arbetsområde och vetenskap samt fysiologi och anatomi del I,0008,"Skriftlig examination, grupp med individuell",missing,8,"0008 Skriftlig examination, grupp med individuell",MVG201_v01_EXAM_016,Kurs1_sskgrund_MVG201.pdf,high,extraction_method=pdf_text_extraction_cached
MVG201_v01_MODULE_009,MVG201_MODULE_009,baseline,MVG201,MVG201_v01,1,yes,Sjuksköterskeprogrammet,Grundnivå,MVG201,Introduktion till omvårdnad som arbetsområde och vetenskap samt fysiologi och anatomi del I,0009,"Muntlig gruppresentation av uppgift, individuell",missing,9,"0009 Muntlig gruppresentation av uppgift, individuell",MVG201_v01_EXAM_017,Kurs1_sskgrund_MVG201.pdf,high,extraction_method=pdf_text_extraction_cached
MVG201_v01_MODULE_010,MVG201_MODULE_010,baseline,MVG201,MVG201_v01,1,yes,Sjuksköterskeprogrammet,Grundnivå,MVG201,Introduktion till omvårdnad som arbetsområde och vetenskap samt fysiologi och anatomi del I,0010,"Skriftlig examination, grupp med individuell",missing,10,"0010 Skriftlig examination, grupp med individuell",MVG201_v01_EXAM_018,Kurs1_sskgrund_MVG201.pdf,high,extraction_method=pdf_text_extraction_cached
MVG201_v01_MODULE_011,MVG201_MODULE_011,baseline,MVG201,MVG201_v01,1,yes,Sjuksköterskeprogrammet,Grundnivå,MVG201,Introduktion till omvårdnad som arbetsområde och vetenskap samt fysiologi och anatomi del I,0011,"Klinisk färdighetsträning, individuell (mål 13, 14)",missing,11,"0011 Klinisk färdighetsträning, individuell (mål 13, 14)",MVG201_v01_EXAM_019,Kurs1_sskgrund_MVG201.pdf,high,extraction_method=pdf_text_extraction_cached
MVG201_v01_MODULE_012,MVG201_MODULE_012,baseline,MVG201,MVG201_v01,1,yes,Sjuksköterskeprogrammet,Grundnivå,MVG201,Introduktion till omvårdnad som arbetsområde och vetenskap samt fysiologi och anatomi del I,0012,"Laboration, individuell (mål 15)",missing,12,"0012 Laboration, individuell (mål 15)",MVG201_v01_EXAM_020,Kurs1_sskgrund_MVG201.pdf,high,extraction_method=pdf_text_extraction_cached
MVG201_v01_MODULE_013,MVG201_MODULE_013,baseline,MVG201,MVG201_v01,1,yes,Sjuksköterskeprogrammet,Grundnivå,MVG201,Introduktion till omvårdnad som arbetsområde och vetenskap samt fysiologi och anatomi del I,0013,"Klinisk examination, individuell (mål 16)",missing,13,"0013 Klinisk examination, individuell (mål 16)",MVG201_v01_EXAM_021,Kurs1_sskgrund_MVG201.pdf,high,extraction_method=pdf_text_extraction_cached
MVG201_v01_MODULE_014,MVG201_MODULE_014,baseline,MVG201,MVG201_v01,1,yes,Sjuksköterskeprogrammet,Grundnivå,MVG201,Introduktion till omvårdnad som arbetsområde och vetenskap samt fysiologi och anatomi del I,0014,"Tentamen, individuell (mål 17)",missing,14,"0014 Tentamen, individuell (mål 17)",MVG201_v01_EXAM_022,Kurs1_sskgrund_MVG201.pdf,high,extraction_method=pdf_text_extraction_cached
MVG201_v01_MODULE_015,MVG201_MODULE_015,baseline,MVG201,MVG201_v01,1,yes,Sjuksköterskeprogrammet,Grundnivå,MVG201,Introduktion till omvårdnad som arbetsområde och vetenskap samt fysiologi och anatomi del I,0015,"Skriftlig examination, individuell (mål 18-20)",missing,15,"0015 Skriftlig examination, individuell (mål 18-20)",MVG201_v01_EXAM_023,Kurs1_sskgrund_MVG201.pdf,high,extraction_method=pdf_text_extraction_cached
MVG201_v01_MODULE_016,MVG201_MODULE_016,baseline,MVG201,MVG201_v01,1,yes,Sjuksköterskeprogrammet,Grundnivå,MVG201,Introduktion till omvårdnad som arbetsområde och vetenskap samt fysiologi och anatomi del I,0016,"Seminarium, individuell bedömning (mål 21)",missing,16,"0016 Seminarium, individuell bedömning (mål 21)",MVG201_v01_EXAM_024,Kurs1_sskgrund_MVG201.pdf,high,extraction_method=pdf_text_extraction_cached
MVG201_v01_MODULE_017,MVG201_MODULE_017,baseline,MVG201,MVG201_v01,1,yes,Sjuksköterskeprogrammet,Grundnivå,MVG201,Introduktion till omvårdnad som arbetsområde och vetenskap samt fysiologi och anatomi del I,0017,"Seminarium, individuell bedömning (mål 22)",missing,17,"0017 Seminarium, individuell bedömning (mål 22)",MVG201_v01_EXAM_025,Kurs1_sskgrund_MVG201.pdf,high,extraction_method=pdf_text_extraction_cached
OMG401_v01_MODULE_001,OMG401_MODULE_001,baseline,OMG401,OMG401_v01,1,yes,Sjuksköterskeprogrammet,Grundnivå,OMG401,Omvårdnad vid vanligt förekommande sjukdomstillstånd samt fysiologi och anatomi del II,0001,"Seminarium, individuell bedömning (mål 1)",missing,1,"0001 Seminarium, individuell bedömning (mål 1)",OMG401_v01_EXAM_008,Kurs2_sskgrund_OMG401.pdf,high,extraction_method=pdf_text_extraction_cached
OMG401_v01_MODULE_002,OMG401_MODULE_002,baseline,OMG401,OMG401_v01,1,yes,Sjuksköterskeprogrammet,Grundnivå,OMG401,Omvårdnad vid vanligt förekommande sjukdomstillstånd samt fysiologi och anatomi del II,0002,"Seminarium, individuell bedömning (mål 2)",missing,2,"0002 Seminarium, individuell bedömning (mål 2)",OMG401_v01_EXAM_009,Kurs2_sskgrund_OMG401.pdf,high,extraction_method=pdf_text_extraction_cached
OMG401_v01_MODULE_003,OMG401_MODULE_003,baseline,OMG401,OMG401_v01,1,yes,Sjuksköterskeprogrammet,Grundnivå,OMG401,Omvårdnad vid vanligt förekommande sjukdomstillstånd samt fysiologi och anatomi del II,0003,"Skriftlig examination, grupp med individuell",missing,3,"0003 Skriftlig examination, grupp med individuell",OMG401_v01_EXAM_010,Kurs2_sskgrund_OMG401.pdf,high,extraction_method=pdf_text_extraction_cached
OMG401_v01_MODULE_004,OMG401_MODULE_004,baseline,OMG401,OMG401_v01,1,yes,Sjuksköterskeprogrammet,Grundnivå,OMG401,Omvårdnad vid vanligt förekommande sjukdomstillstånd samt fysiologi och anatomi del II,0004,"Seminarium, individuell bedömning (mål 4)",missing,4,"0004 Seminarium, individuell bedömning (mål 4)",OMG401_v01_EXAM_011,Kurs2_sskgrund_OMG401.pdf,high,extraction_method=pdf_text_extraction_cached
OMG401_v01_MODULE_005,OMG401_MODULE_005,baseline,OMG401,OMG401_v01,1,yes,Sjuksköterskeprogrammet,Grundnivå,OMG401,Omvårdnad vid vanligt förekommande sjukdomstillstånd samt fysiologi och anatomi del II,0005,"Seminarium, individuell bedömning (mål 5)",missing,5,"0005 Seminarium, individuell bedömning (mål 5)",OMG401_v01_EXAM_012,Kurs2_sskgrund_OMG401.pdf,high,extraction_method=pdf_text_extraction_cached
OMG401_v01_MODULE_006,OMG401_MODULE_006,baseline,OMG401,OMG401_v01,1,yes,Sjuksköterskeprogrammet,Grundnivå,OMG401,Omvårdnad vid vanligt förekommande sjukdomstillstånd samt fysiologi och anatomi del II,0006,"Skriftlig examination, individuell (mål 6)",missing,6,"0006 Skriftlig examination, individuell (mål 6)",OMG401_v01_EXAM_013,Kurs2_sskgrund_OMG401.pdf,high,extraction_method=pdf_text_extraction_cached
OMG401_v01_MODULE_007,OMG401_MODULE_007,baseline,OMG401,OMG401_v01,1,yes,Sjuksköterskeprogrammet,Grundnivå,OMG401,Omvårdnad vid vanligt förekommande sjukdomstillstånd samt fysiologi och anatomi del II,0007,"Tentamen, individuell (mål 7)",missing,7,"0007 Tentamen, individuell (mål 7)",OMG401_v01_EXAM_014,Kurs2_sskgrund_OMG401.pdf,high,extraction_method=pdf_text_extraction_cached
OMG401_v01_MODULE_008,OMG401_MODULE_008,baseline,OMG401,OMG401_v01,1,yes,Sjuksköterskeprogrammet,Grundnivå,OMG401,Omvårdnad vid vanligt förekommande sjukdomstillstånd samt fysiologi och anatomi del II,0008,Tentamen individuell (mål 8),missing,8,0008 Tentamen individuell (mål 8),OMG401_v01_EXAM_015,Kurs2_sskgrund_OMG401.pdf,high,extraction_method=pdf_text_extraction_cached
OMG401_v01_MODULE_009,OMG401_MODULE_009,baseline,OMG401,OMG401_v01,1,yes,Sjuksköterskeprogrammet,Grundnivå,OMG401,Omvårdnad vid vanligt förekommande sjukdomstillstånd samt fysiologi och anatomi del II,0009,"Seminarium, individuell bedömning (mål 9)",missing,9,"0009 Seminarium, individuell bedömning (mål 9)",OMG401_v01_EXAM_016,Kurs2_sskgrund_OMG401.pdf,high,extraction_method=pdf_text_extraction_cached
OMG401_v01_MODULE_010,OMG401_MODULE_010,baseline,OMG401,OMG401_v01,1,yes,Sjuksköterskeprogrammet,Grundnivå,OMG401,Omvårdnad vid vanligt förekommande sjukdomstillstånd samt fysiologi och anatomi del II,0011,"Tentamen, individuell (mål 11)",missing,10,"0011 Tentamen, individuell (mål 11)",OMG401_v01_EXAM_017,Kurs2_sskgrund_OMG401.pdf,high,extraction_method=pdf_text_extraction_cached
OMG401_v01_MODULE_011,OMG401_MODULE_011,baseline,OMG401,OMG401_v01,1,yes,Sjuksköterskeprogrammet,Grundnivå,OMG401,Omvårdnad vid vanligt förekommande sjukdomstillstånd samt fysiologi och anatomi del II,0012,"Seminarium, individuell bedömning (mål 12)",missing,11,"0012 Seminarium, individuell bedömning (mål 12)",OMG401_v01_EXAM_018,Kurs2_sskgrund_OMG401.pdf,high,extraction_method=pdf_text_extraction_cached
OMG401_v01_MODULE_012,OMG401_MODULE_012,baseline,OMG401,OMG401_v01,1,yes,Sjuksköterskeprogrammet,Grundnivå,OMG401,Omvårdnad vid vanligt förekommande sjukdomstillstånd samt fysiologi och anatomi del II,0013,"Skriftlig examination, grupp med individuell",missing,12,"0013 Skriftlig examination, grupp med individuell",OMG401_v01_EXAM_019,Kurs2_sskgrund_OMG401.pdf,high,extraction_method=pdf_text_extraction_cached
OMG401_v01_MODULE_013,OMG401_MODULE_013,baseline,OMG401,OMG401_v01,1,yes,Sjuksköterskeprogrammet,Grundnivå,OMG401,Omvårdnad vid vanligt förekommande sjukdomstillstånd samt fysiologi och anatomi del II,0016,"Tentamen, individuell (mål 24)",missing,13,"0016 Tentamen, individuell (mål 24)",OMG401_v01_EXAM_020,Kurs2_sskgrund_OMG401.pdf,high,extraction_method=pdf_text_extraction_cached
OMG401_v01_MODULE_014,OMG401_MODULE_014,baseline,OMG401,OMG401_v01,1,yes,Sjuksköterskeprogrammet,Grundnivå,OMG401,Omvårdnad vid vanligt förekommande sjukdomstillstånd samt fysiologi och anatomi del II,0017,"Klinisk examination, individuell (mål 21-22)",missing,14,"0017 Klinisk examination, individuell (mål 21-22)",OMG401_v01_EXAM_021,Kurs2_sskgrund_OMG401.pdf,high,extraction_method=pdf_text_extraction_cached
OMG401_v01_MODULE_015,OMG401_MODULE_015,baseline,OMG401,OMG401_v01,1,yes,Sjuksköterskeprogrammet,Grundnivå,OMG401,Omvårdnad vid vanligt förekommande sjukdomstillstånd samt fysiologi och anatomi del II,0018,"Klinisk examination, individuell (mål 23)",missing,15,"0018 Klinisk examination, individuell (mål 23)",OMG401_v01_EXAM_022,Kurs2_sskgrund_OMG401.pdf,high,extraction_method=pdf_text_extraction_cached
OMG402_v01_MODULE_001,OMG402_MODULE_001,baseline,OMG402,OMG402_v01,1,yes,Sjuksköterskeprogrammet,Grundnivå,OMG402,"Specifik omvårdnad vid folksjukdomar, pediatrik, sexuell- och reproduktiv hälsa",0001,"Tentamen, individuell (mål 1)",0.5,1,"0001 Tentamen, individuell (mål 1), 0,5 Högskolepoäng UG Tvågradig skala",OMG402_v01_EXAM_008,user_prompt_revision_OMG402_2026-08-31.txt,high,extraction_method=user_prompt_cached; Reviderad version ersätter tidigare OMG402-information enligt användarens instruktion. Utkast med beslutsfattare/datum saknade.
OMG402_v01_MODULE_002,OMG402_MODULE_002,baseline,OMG402,OMG402_v01,1,yes,Sjuksköterskeprogrammet,Grundnivå,OMG402,"Specifik omvårdnad vid folksjukdomar, pediatrik, sexuell- och reproduktiv hälsa",0003,"Tentamen, individuell (mål 3)",4.5,2,"0003 Tentamen, individuell (mål 3), 4,5 Högskolepoäng UV Tregradig skala",OMG402_v01_EXAM_009,user_prompt_revision_OMG402_2026-08-31.txt,high,extraction_method=user_prompt_cached; Reviderad version ersätter tidigare OMG402-information enligt användarens instruktion. Utkast med beslutsfattare/datum saknade.
OMG402_v01_MODULE_003,OMG402_MODULE_003,baseline,OMG402,OMG402_v01,1,yes,Sjuksköterskeprogrammet,Grundnivå,OMG402,"Specifik omvårdnad vid folksjukdomar, pediatrik, sexuell- och reproduktiv hälsa",0006,"Tentamen, individuell (mål 8)",0.5,3,"0006 Tentamen, individuell (mål 8), 0,5 Högskolepoäng UG Tvågradig skala",OMG402_v01_EXAM_010,user_prompt_revision_OMG402_2026-08-31.txt,high,extraction_method=user_prompt_cached; Reviderad version ersätter tidigare OMG402-information enligt användarens instruktion. Utkast med beslutsfattare/datum saknade.
OMG402_v01_MODULE_004,OMG402_MODULE_004,baseline,OMG402,OMG402_v01,1,yes,Sjuksköterskeprogrammet,Grundnivå,OMG402,"Specifik omvårdnad vid folksjukdomar, pediatrik, sexuell- och reproduktiv hälsa",0007,"Seminarium, individuell bedömning (mål 8)",1.0,4,"0007 Seminarium, individuell bedömning (mål 8), 1,0 Högskolepoäng UG Tvågradig skala",OMG402_v01_EXAM_011,user_prompt_revision_OMG402_2026-08-31.txt,high,extraction_method=user_prompt_cached; Reviderad version ersätter tidigare OMG402-information enligt användarens instruktion. Utkast med beslutsfattare/datum saknade.
OMG402_v01_MODULE_005,OMG402_MODULE_005,baseline,OMG402,OMG402_v01,1,yes,Sjuksköterskeprogrammet,Grundnivå,OMG402,"Specifik omvårdnad vid folksjukdomar, pediatrik, sexuell- och reproduktiv hälsa",0009,"Tentamen, individuell (mål 11)",1.0,5,"0009 Tentamen, individuell (mål 11), 1,0 Högskolepoäng UV Tregradig skala",OMG402_v01_EXAM_012,user_prompt_revision_OMG402_2026-08-31.txt,high,extraction_method=user_prompt_cached; Reviderad version ersätter tidigare OMG402-information enligt användarens instruktion. Utkast med beslutsfattare/datum saknade.
OMG402_v01_MODULE_006,OMG402_MODULE_006,baseline,OMG402,OMG402_v01,1,yes,Sjuksköterskeprogrammet,Grundnivå,OMG402,"Specifik omvårdnad vid folksjukdomar, pediatrik, sexuell- och reproduktiv hälsa",0010,"Tentamen, individuell (mål 12)",1.0,6,"0010 Tentamen, individuell (mål 12), 1,0 Högskolepoäng UV Tregradig skala",OMG402_v01_EXAM_013,user_prompt_revision_OMG402_2026-08-31.txt,high,extraction_method=user_prompt_cached; Reviderad version ersätter tidigare OMG402-information enligt användarens instruktion. Utkast med beslutsfattare/datum saknade.
OMG402_v01_MODULE_007,OMG402_MODULE_007,baseline,OMG402,OMG402_v01,1,yes,Sjuksköterskeprogrammet,Grundnivå,OMG402,"Specifik omvårdnad vid folksjukdomar, pediatrik, sexuell- och reproduktiv hälsa",0013,"Seminarium, individuell bedömning (mål 15,16)",1.5,7,"0013 Seminarium, individuell bedömning (mål 15,16), 1,5 Högskolepoäng UG Tvågradig skala",OMG402_v01_EXAM_014,user_prompt_revision_OMG402_2026-08-31.txt,high,extraction_method=user_prompt_cached; Reviderad version ersätter tidigare OMG402-information enligt användarens instruktion. Utkast med beslutsfattare/datum saknade.
OMG402_v01_MODULE_008,OMG402_MODULE_008,baseline,OMG402,OMG402_v01,1,yes,Sjuksköterskeprogrammet,Grundnivå,OMG402,"Specifik omvårdnad vid folksjukdomar, pediatrik, sexuell- och reproduktiv hälsa",0014,"Seminarium, individuell bedömning (mål 17)",1.0,8,"0014 Seminarium, individuell bedömning (mål 17), 1,0 Högskolepoäng UG Tvågradig skala",OMG402_v01_EXAM_015,user_prompt_revision_OMG402_2026-08-31.txt,high,extraction_method=user_prompt_cached; Reviderad version ersätter tidigare OMG402-information enligt användarens instruktion. Utkast med beslutsfattare/datum saknade.
OMG402_v01_MODULE_009,OMG402_MODULE_009,baseline,OMG402,OMG402_v01,1,yes,Sjuksköterskeprogrammet,Grundnivå,OMG402,"Specifik omvårdnad vid folksjukdomar, pediatrik, sexuell- och reproduktiv hälsa",0016,Individuell dokumenterad bedömning av VFU enligt fastställda kriterier och lärandemål med muntlig dokumenterad genomgång (mål 19-29),9.0,9,"0016 Individuell dokumenterad bedömning av VFU enligt fastställda kriterier och lärandemål med muntlig dokumenterad genomgång (mål 19-29), 9,0 Högskolepoäng UG Tvågradig skala",OMG402_v01_EXAM_016,user_prompt_revision_OMG402_2026-08-31.txt,high,extraction_method=user_prompt_cached; Reviderad version ersätter tidigare OMG402-information enligt användarens instruktion. Utkast med beslutsfattare/datum saknade.
OMG402_v01_MODULE_010,OMG402_MODULE_010,baseline,OMG402,OMG402_v01,1,yes,Sjuksköterskeprogrammet,Grundnivå,OMG402,"Specifik omvårdnad vid folksjukdomar, pediatrik, sexuell- och reproduktiv hälsa",0017,"Tentamen, individuell (mål 30)",0.5,10,"0017 Tentamen, individuell (mål 30), 0,5 Högskolepoäng UG Tvågradig skala",OMG402_v01_EXAM_017,user_prompt_revision_OMG402_2026-08-31.txt,high,extraction_method=user_prompt_cached; Reviderad version ersätter tidigare OMG402-information enligt användarens instruktion. Utkast med beslutsfattare/datum saknade.
OMG402_v01_MODULE_011,OMG402_MODULE_011,baseline,OMG402,OMG402_v01,1,yes,Sjuksköterskeprogrammet,Grundnivå,OMG402,"Specifik omvårdnad vid folksjukdomar, pediatrik, sexuell- och reproduktiv hälsa",0020,Seminarium individuell bedömning (mål 2),1.0,11,"0020 Seminarium individuell bedömning (mål 2), 1,0 Högskolepoäng UV Tregradig skala",OMG402_v01_EXAM_018,user_prompt_revision_OMG402_2026-08-31.txt,high,extraction_method=user_prompt_cached; Reviderad version ersätter tidigare OMG402-information enligt användarens instruktion. Utkast med beslutsfattare/datum saknade.
OMG402_v01_MODULE_012,OMG402_MODULE_012,baseline,OMG402,OMG402_v01,1,yes,Sjuksköterskeprogrammet,Grundnivå,OMG402,"Specifik omvårdnad vid folksjukdomar, pediatrik, sexuell- och reproduktiv hälsa",0021,"Muntlig examination, individuell (mål 4)",1.5,12,"0021 Muntlig examination, individuell (mål 4), 1,5 Högskolepoäng UG Tvågradig skala",OMG402_v01_EXAM_019,user_prompt_revision_OMG402_2026-08-31.txt,high,extraction_method=user_prompt_cached; Reviderad version ersätter tidigare OMG402-information enligt användarens instruktion. Utkast med beslutsfattare/datum saknade.
OMG402_v01_MODULE_013,OMG402_MODULE_013,baseline,OMG402,OMG402_v01,1,yes,Sjuksköterskeprogrammet,Grundnivå,OMG402,"Specifik omvårdnad vid folksjukdomar, pediatrik, sexuell- och reproduktiv hälsa",0022,"Tentamen, individuell (mål 5)",0.5,13,"0022 Tentamen, individuell (mål 5), 0,5 Högskolepoäng UG Tvågradig skala",OMG402_v01_EXAM_020,user_prompt_revision_OMG402_2026-08-31.txt,high,extraction_method=user_prompt_cached; Reviderad version ersätter tidigare OMG402-information enligt användarens instruktion. Utkast med beslutsfattare/datum saknade.
OMG402_v01_MODULE_014,OMG402_MODULE_014,baseline,OMG402,OMG402_v01,1,yes,Sjuksköterskeprogrammet,Grundnivå,OMG402,"Specifik omvårdnad vid folksjukdomar, pediatrik, sexuell- och reproduktiv hälsa",0023,"Seminarium, individuell bedömning (mål 6, 7)",1.0,14,"0023 Seminarium, individuell bedömning (mål 6, 7), 1,0 Högskolepoäng UV Tregradig skala",OMG402_v01_EXAM_021,user_prompt_revision_OMG402_2026-08-31.txt,high,extraction_method=user_prompt_cached; Reviderad version ersätter tidigare OMG402-information enligt användarens instruktion. Utkast med beslutsfattare/datum saknade.
OMG402_v01_MODULE_015,OMG402_MODULE_015,baseline,OMG402,OMG402_v01,1,yes,Sjuksköterskeprogrammet,Grundnivå,OMG402,"Specifik omvårdnad vid folksjukdomar, pediatrik, sexuell- och reproduktiv hälsa",0024,"Seminarium, individuell bedöming (mål 9, 10, 31)",1.5,15,"0024 Seminarium, individuell bedöming (mål 9, 10, 31), 1,5 Högskolepoäng UV Tregradig skala",OMG402_v01_EXAM_022,user_prompt_revision_OMG402_2026-08-31.txt,high,extraction_method=user_prompt_cached; Reviderad version ersätter tidigare OMG402-information enligt användarens instruktion. Utkast med beslutsfattare/datum saknade.
OMG402_v01_MODULE_016,OMG402_MODULE_016,baseline,OMG402,OMG402_v01,1,yes,Sjuksköterskeprogrammet,Grundnivå,OMG402,"Specifik omvårdnad vid folksjukdomar, pediatrik, sexuell- och reproduktiv hälsa",0025,"Tentamen, individuell (mål 14)",1.0,16,"0025 Tentamen, individuell (mål 14), 1,0 Högskolepoäng UV Tregradig skala",OMG402_v01_EXAM_023,user_prompt_revision_OMG402_2026-08-31.txt,high,extraction_method=user_prompt_cached; Reviderad version ersätter tidigare OMG402-information enligt användarens instruktion. Utkast med beslutsfattare/datum saknade.
OMG402_v01_MODULE_017,OMG402_MODULE_017,baseline,OMG402,OMG402_v01,1,yes,Sjuksköterskeprogrammet,Grundnivå,OMG402,"Specifik omvårdnad vid folksjukdomar, pediatrik, sexuell- och reproduktiv hälsa",0026,"Klinisk färdighetsträning, individuell (mål 18)",1.5,17,"0026 Klinisk färdighetsträning, individuell (mål 18), 1,5 Högskolepoäng UG Tvågradig skala",OMG402_v01_EXAM_024,user_prompt_revision_OMG402_2026-08-31.txt,high,extraction_method=user_prompt_cached; Reviderad version ersätter tidigare OMG402-information enligt användarens instruktion. Utkast med beslutsfattare/datum saknade.
OMG402_v01_MODULE_018,OMG402_MODULE_018,baseline,OMG402,OMG402_v01,1,yes,Sjuksköterskeprogrammet,Grundnivå,OMG402,"Specifik omvårdnad vid folksjukdomar, pediatrik, sexuell- och reproduktiv hälsa",0027,"Tentamen, individuell (mål 13)",0.5,18,"0027 Tentamen, individuell (mål 13), 0,5 Högskolepoäng UG Tvågradig skala",OMG402_v01_EXAM_025,user_prompt_revision_OMG402_2026-08-31.txt,high,extraction_method=user_prompt_cached; Reviderad version ersätter tidigare OMG402-information enligt användarens instruktion. Utkast med beslutsfattare/datum saknade.
OMG402_v01_MODULE_019,OMG402_MODULE_019,baseline,OMG402,OMG402_v01,1,yes,Sjuksköterskeprogrammet,Grundnivå,OMG402,"Specifik omvårdnad vid folksjukdomar, pediatrik, sexuell- och reproduktiv hälsa",0028,"Seminarium, individuell bedömning (mål 32, 33)",1.0,19,"0028 Seminarium, individuell bedömning (mål 32, 33), 1,0 Högskolepoäng UV Tregradig skala",OMG402_v01_EXAM_026,user_prompt_revision_OMG402_2026-08-31.txt,high,extraction_method=user_prompt_cached; Reviderad version ersätter tidigare OMG402-information enligt användarens instruktion. Utkast med beslutsfattare/datum saknade.
OMG403_v01_MODULE_001,OMG403_MODULE_001,baseline,OMG403,OMG403_v01,1,yes,Sjuksköterskeprogrammet,Grundnivå,OMG403,"Specifik omvårdnad vid psykisk ohälsa, akuta situationer, av kvinnor och barn samt sjukdomar inom medicin, kirurgi, infektion och geriatrik",0001,"Seminarium, individuell bedömning (mål 1)",missing,1,"0001 Seminarium, individuell bedömning (mål 1)",OMG403_v01_EXAM_010,Kurs4_sskgrund_OMG403.pdf,high,extraction_method=pdf_text_extraction_cached
OMG403_v01_MODULE_002,OMG403_MODULE_002,baseline,OMG403,OMG403_v01,1,yes,Sjuksköterskeprogrammet,Grundnivå,OMG403,"Specifik omvårdnad vid psykisk ohälsa, akuta situationer, av kvinnor och barn samt sjukdomar inom medicin, kirurgi, infektion och geriatrik",0002,"Klinisk examination, individuell (mål 2, 3, 23)",missing,2,"0002 Klinisk examination, individuell (mål 2, 3, 23)",OMG403_v01_EXAM_011,Kurs4_sskgrund_OMG403.pdf,high,extraction_method=pdf_text_extraction_cached
OMG403_v01_MODULE_003,OMG403_MODULE_003,baseline,OMG403,OMG403_v01,1,yes,Sjuksköterskeprogrammet,Grundnivå,OMG403,"Specifik omvårdnad vid psykisk ohälsa, akuta situationer, av kvinnor och barn samt sjukdomar inom medicin, kirurgi, infektion och geriatrik",0003,"Muntlig examination, individuell (mål 4–6, 10)",missing,3,"0003 Muntlig examination, individuell (mål 4–6, 10)",OMG403_v01_EXAM_012,Kurs4_sskgrund_OMG403.pdf,high,extraction_method=pdf_text_extraction_cached
OMG403_v01_MODULE_004,OMG403_MODULE_004,baseline,OMG403,OMG403_v01,1,yes,Sjuksköterskeprogrammet,Grundnivå,OMG403,"Specifik omvårdnad vid psykisk ohälsa, akuta situationer, av kvinnor och barn samt sjukdomar inom medicin, kirurgi, infektion och geriatrik",0004,"Muntlig examination, individuell (mål 7, 31)",missing,4,"0004 Muntlig examination, individuell (mål 7, 31)",OMG403_v01_EXAM_013,Kurs4_sskgrund_OMG403.pdf,high,extraction_method=pdf_text_extraction_cached
OMG403_v01_MODULE_005,OMG403_MODULE_005,baseline,OMG403,OMG403_v01,1,yes,Sjuksköterskeprogrammet,Grundnivå,OMG403,"Specifik omvårdnad vid psykisk ohälsa, akuta situationer, av kvinnor och barn samt sjukdomar inom medicin, kirurgi, infektion och geriatrik",0007,"Tentamen, individuell samt klinisk färdighetsträning,",missing,5,"0007 Tentamen, individuell samt klinisk färdighetsträning,",OMG403_v01_EXAM_014,Kurs4_sskgrund_OMG403.pdf,high,extraction_method=pdf_text_extraction_cached
OMG403_v01_MODULE_006,OMG403_MODULE_006,baseline,OMG403,OMG403_v01,1,yes,Sjuksköterskeprogrammet,Grundnivå,OMG403,"Specifik omvårdnad vid psykisk ohälsa, akuta situationer, av kvinnor och barn samt sjukdomar inom medicin, kirurgi, infektion och geriatrik",0009,"Tentamen, individuell samt klinisk färdighetsträning,",missing,6,"0009 Tentamen, individuell samt klinisk färdighetsträning,",OMG403_v01_EXAM_015,Kurs4_sskgrund_OMG403.pdf,high,extraction_method=pdf_text_extraction_cached
OMG403_v01_MODULE_007,OMG403_MODULE_007,baseline,OMG403,OMG403_v01,1,yes,Sjuksköterskeprogrammet,Grundnivå,OMG403,"Specifik omvårdnad vid psykisk ohälsa, akuta situationer, av kvinnor och barn samt sjukdomar inom medicin, kirurgi, infektion och geriatrik",0010,"Klinisk examination, individuell (mål 25)",missing,7,"0010 Klinisk examination, individuell (mål 25)",OMG403_v01_EXAM_016,Kurs4_sskgrund_OMG403.pdf,high,extraction_method=pdf_text_extraction_cached
OMG403_v01_MODULE_008,OMG403_MODULE_008,baseline,OMG403,OMG403_v01,1,yes,Sjuksköterskeprogrammet,Grundnivå,OMG403,"Specifik omvårdnad vid psykisk ohälsa, akuta situationer, av kvinnor och barn samt sjukdomar inom medicin, kirurgi, infektion och geriatrik",0013,"Seminarium, individuell bedömning (mål 30)",missing,8,"0013 Seminarium, individuell bedömning (mål 30)",OMG403_v01_EXAM_017,Kurs4_sskgrund_OMG403.pdf,high,extraction_method=pdf_text_extraction_cached
OMG403_v01_MODULE_009,OMG403_MODULE_009,baseline,OMG403,OMG403_v01,1,yes,Sjuksköterskeprogrammet,Grundnivå,OMG403,"Specifik omvårdnad vid psykisk ohälsa, akuta situationer, av kvinnor och barn samt sjukdomar inom medicin, kirurgi, infektion och geriatrik",0016,"Skriftlig examination, grupp med individuell",missing,9,"0016 Skriftlig examination, grupp med individuell",OMG403_v01_EXAM_018,Kurs4_sskgrund_OMG403.pdf,high,extraction_method=pdf_text_extraction_cached
OMG403_v01_MODULE_010,OMG403_MODULE_010,baseline,OMG403,OMG403_v01,1,yes,Sjuksköterskeprogrammet,Grundnivå,OMG403,"Specifik omvårdnad vid psykisk ohälsa, akuta situationer, av kvinnor och barn samt sjukdomar inom medicin, kirurgi, infektion och geriatrik",0017,"Tentamen, individuell (mål 11, 12)",missing,10,"0017 Tentamen, individuell (mål 11, 12)",OMG403_v01_EXAM_019,Kurs4_sskgrund_OMG403.pdf,high,extraction_method=pdf_text_extraction_cached
OMG403_v01_MODULE_011,OMG403_MODULE_011,baseline,OMG403,OMG403_v01,1,yes,Sjuksköterskeprogrammet,Grundnivå,OMG403,"Specifik omvårdnad vid psykisk ohälsa, akuta situationer, av kvinnor och barn samt sjukdomar inom medicin, kirurgi, infektion och geriatrik",0019,"Seminarium individuell bedömning (mål 9, 13, 37)",missing,11,"0019 Seminarium individuell bedömning (mål 9, 13, 37)",OMG403_v01_EXAM_020,Kurs4_sskgrund_OMG403.pdf,high,extraction_method=pdf_text_extraction_cached
OMG403_v01_MODULE_012,OMG403_MODULE_012,baseline,OMG403,OMG403_v01,1,yes,Sjuksköterskeprogrammet,Grundnivå,OMG403,"Specifik omvårdnad vid psykisk ohälsa, akuta situationer, av kvinnor och barn samt sjukdomar inom medicin, kirurgi, infektion och geriatrik",0020,"Seminarium, individuell bedömning (mål 8)",missing,12,"0020 Seminarium, individuell bedömning (mål 8)",OMG403_v01_EXAM_021,Kurs4_sskgrund_OMG403.pdf,high,extraction_method=pdf_text_extraction_cached
OMG403_v01_MODULE_013,OMG403_MODULE_013,baseline,OMG403,OMG403_v01,1,yes,Sjuksköterskeprogrammet,Grundnivå,OMG403,"Specifik omvårdnad vid psykisk ohälsa, akuta situationer, av kvinnor och barn samt sjukdomar inom medicin, kirurgi, infektion och geriatrik",0021,"Seminarium, individuell bedömning (mål 26, 28, 29)",missing,13,"0021 Seminarium, individuell bedömning (mål 26, 28, 29)",OMG403_v01_EXAM_022,Kurs4_sskgrund_OMG403.pdf,high,extraction_method=pdf_text_extraction_cached
OMG403_v01_MODULE_014,OMG403_MODULE_014,baseline,OMG403,OMG403_v01,1,yes,Sjuksköterskeprogrammet,Grundnivå,OMG403,"Specifik omvårdnad vid psykisk ohälsa, akuta situationer, av kvinnor och barn samt sjukdomar inom medicin, kirurgi, infektion och geriatrik",0022,"Seminarium, individuell bedömning (mål 27)",missing,14,"0022 Seminarium, individuell bedömning (mål 27)",OMG403_v01_EXAM_023,Kurs4_sskgrund_OMG403.pdf,high,extraction_method=pdf_text_extraction_cached
OMG403_v01_MODULE_015,OMG403_MODULE_015,baseline,OMG403,OMG403_v01,1,yes,Sjuksköterskeprogrammet,Grundnivå,OMG403,"Specifik omvårdnad vid psykisk ohälsa, akuta situationer, av kvinnor och barn samt sjukdomar inom medicin, kirurgi, infektion och geriatrik",0023,"Skriftlig examination, individuell bedömning (mål 35)",missing,15,"0023 Skriftlig examination, individuell bedömning (mål 35)",OMG403_v01_EXAM_024,Kurs4_sskgrund_OMG403.pdf,high,extraction_method=pdf_text_extraction_cached
OMG403_v01_MODULE_016,OMG403_MODULE_016,baseline,OMG403,OMG403_v01,1,yes,Sjuksköterskeprogrammet,Grundnivå,OMG403,"Specifik omvårdnad vid psykisk ohälsa, akuta situationer, av kvinnor och barn samt sjukdomar inom medicin, kirurgi, infektion och geriatrik",0025,"Seminarium, individuell bedömning (mål 21)",missing,16,"0025 Seminarium, individuell bedömning (mål 21)",OMG403_v01_EXAM_025,Kurs4_sskgrund_OMG403.pdf,high,extraction_method=pdf_text_extraction_cached
OMG403_v01_MODULE_017,OMG403_MODULE_017,baseline,OMG403,OMG403_v01,1,yes,Sjuksköterskeprogrammet,Grundnivå,OMG403,"Specifik omvårdnad vid psykisk ohälsa, akuta situationer, av kvinnor och barn samt sjukdomar inom medicin, kirurgi, infektion och geriatrik",0026,"Muntlig gruppresentation av uppgift, individuell",missing,17,"0026 Muntlig gruppresentation av uppgift, individuell",OMG403_v01_EXAM_026,Kurs4_sskgrund_OMG403.pdf,high,extraction_method=pdf_text_extraction_cached
OMG551_v01_MODULE_001,OMG551_MODULE_001,baseline,OMG551,OMG551_v01,1,yes,Sjuksköterskeprogrammet,Grundnivå,OMG551,Omvårdnad vid komplexa vårdbehov I samt introduktion till självständigt arbete i omvårdnad,0001,"Seminarium, individuell bedömning (mål 1)",missing,1,"0001 Seminarium, individuell bedömning (mål 1)",OMG551_v01_EXAM_006,Kurs5_sskgrund_OMG551.pdf,high,extraction_method=pdf_text_extraction_cached
OMG551_v01_MODULE_002,OMG551_MODULE_002,baseline,OMG551,OMG551_v01,1,yes,Sjuksköterskeprogrammet,Grundnivå,OMG551,Omvårdnad vid komplexa vårdbehov I samt introduktion till självständigt arbete i omvårdnad,0002,"Seminarium, individuell bedömning (mål 2)",missing,2,"0002 Seminarium, individuell bedömning (mål 2)",OMG551_v01_EXAM_007,Kurs5_sskgrund_OMG551.pdf,high,extraction_method=pdf_text_extraction_cached
OMG551_v01_MODULE_003,OMG551_MODULE_003,baseline,OMG551,OMG551_v01,1,yes,Sjuksköterskeprogrammet,Grundnivå,OMG551,Omvårdnad vid komplexa vårdbehov I samt introduktion till självständigt arbete i omvårdnad,0003,"Seminarium, individuell bedömning (mål 3)",missing,3,"0003 Seminarium, individuell bedömning (mål 3)",OMG551_v01_EXAM_008,Kurs5_sskgrund_OMG551.pdf,high,extraction_method=pdf_text_extraction_cached
OMG551_v01_MODULE_004,OMG551_MODULE_004,baseline,OMG551,OMG551_v01,1,yes,Sjuksköterskeprogrammet,Grundnivå,OMG551,Omvårdnad vid komplexa vårdbehov I samt introduktion till självständigt arbete i omvårdnad,0006,"Seminarium, individuell bedömning (mål 18)",missing,4,"0006 Seminarium, individuell bedömning (mål 18)",OMG551_v01_EXAM_009,Kurs5_sskgrund_OMG551.pdf,high,extraction_method=pdf_text_extraction_cached
OMG551_v01_MODULE_005,OMG551_MODULE_005,baseline,OMG551,OMG551_v01,1,yes,Sjuksköterskeprogrammet,Grundnivå,OMG551,Omvårdnad vid komplexa vårdbehov I samt introduktion till självständigt arbete i omvårdnad,0007,"Seminarium, individuell bedömning (mål 19)",missing,5,"0007 Seminarium, individuell bedömning (mål 19)",OMG551_v01_EXAM_010,Kurs5_sskgrund_OMG551.pdf,high,extraction_method=pdf_text_extraction_cached
OMG551_v01_MODULE_006,OMG551_MODULE_006,baseline,OMG551,OMG551_v01,1,yes,Sjuksköterskeprogrammet,Grundnivå,OMG551,Omvårdnad vid komplexa vårdbehov I samt introduktion till självständigt arbete i omvårdnad,0008,"Skriftlig examination, grupp med individuell",missing,6,"0008 Skriftlig examination, grupp med individuell",OMG551_v01_EXAM_011,Kurs5_sskgrund_OMG551.pdf,high,extraction_method=pdf_text_extraction_cached
OMG551_v01_MODULE_007,OMG551_MODULE_007,baseline,OMG551,OMG551_v01,1,yes,Sjuksköterskeprogrammet,Grundnivå,OMG551,Omvårdnad vid komplexa vårdbehov I samt introduktion till självständigt arbete i omvårdnad,0009,"Seminarium, individuell bedömning (mål 27)",missing,7,"0009 Seminarium, individuell bedömning (mål 27)",OMG551_v01_EXAM_012,Kurs5_sskgrund_OMG551.pdf,high,extraction_method=pdf_text_extraction_cached
OMG551_v01_MODULE_008,OMG551_MODULE_008,baseline,OMG551,OMG551_v01,1,yes,Sjuksköterskeprogrammet,Grundnivå,OMG551,Omvårdnad vid komplexa vårdbehov I samt introduktion till självständigt arbete i omvårdnad,0010,"Seminarium, individuell bedömning (mål 28)",missing,8,"0010 Seminarium, individuell bedömning (mål 28)",OMG551_v01_EXAM_013,Kurs5_sskgrund_OMG551.pdf,high,extraction_method=pdf_text_extraction_cached
OMG551_v01_MODULE_009,OMG551_MODULE_009,baseline,OMG551,OMG551_v01,1,yes,Sjuksköterskeprogrammet,Grundnivå,OMG551,Omvårdnad vid komplexa vårdbehov I samt introduktion till självständigt arbete i omvårdnad,0011,"Seminarium, individuell bedömning (mål 29)",missing,9,"0011 Seminarium, individuell bedömning (mål 29)",OMG551_v01_EXAM_014,Kurs5_sskgrund_OMG551.pdf,high,extraction_method=pdf_text_extraction_cached
OMG551_v01_MODULE_010,OMG551_MODULE_010,baseline,OMG551,OMG551_v01,1,yes,Sjuksköterskeprogrammet,Grundnivå,OMG551,Omvårdnad vid komplexa vårdbehov I samt introduktion till självständigt arbete i omvårdnad,0013,"Seminarium, individuell bedömning (mål 31)",missing,10,"0013 Seminarium, individuell bedömning (mål 31)",OMG551_v01_EXAM_015,Kurs5_sskgrund_OMG551.pdf,high,extraction_method=pdf_text_extraction_cached
OMG551_v01_MODULE_011,OMG551_MODULE_011,baseline,OMG551,OMG551_v01,1,yes,Sjuksköterskeprogrammet,Grundnivå,OMG551,Omvårdnad vid komplexa vårdbehov I samt introduktion till självständigt arbete i omvårdnad,0014,"Skriftlig examination, individuell (mål 32)",missing,11,"0014 Skriftlig examination, individuell (mål 32)",OMG551_v01_EXAM_016,Kurs5_sskgrund_OMG551.pdf,high,extraction_method=pdf_text_extraction_cached
OMG551_v01_MODULE_012,OMG551_MODULE_012,baseline,OMG551,OMG551_v01,1,yes,Sjuksköterskeprogrammet,Grundnivå,OMG551,Omvårdnad vid komplexa vårdbehov I samt introduktion till självständigt arbete i omvårdnad,0015,"Seminarium, individuell bedömning (mål 33)",missing,12,"0015 Seminarium, individuell bedömning (mål 33)",OMG551_v01_EXAM_017,Kurs5_sskgrund_OMG551.pdf,high,extraction_method=pdf_text_extraction_cached
OMG805_v01_MODULE_001,OMG805_MODULE_001,baseline,OMG805,OMG805_v01,1,yes,Sjuksköterskeprogrammet,Grundnivå,OMG805,Självständigt arbete (examensarbete) i omvårdnad,0001,"Självständigt arbete, individuell bedömning",missing,1,"0001 Självständigt arbete, individuell bedömning",OMG805_v01_EXAM_002,Kurs6_sskgrund_OMG805.pdf,high,extraction_method=pdf_text_extraction_cached
